dew_point,avg_wind,humidity,rain,rain_sum,snow_depth,rain_amount,snow_amount,ice_measure,friction,ice_frequency,mean_temperature,condition
-12.7,5.5,47.0,0.0,0.0,0.0,0.0,0.0,0.0,0.82,487.0,-8.8,Normal
-5.410822409887349,3.2589179889817594,92.6278569431762,1.519790935881898,4.10213418860963,0.0,0.030638426929906676,0.34204161541261285,0.0,0.353417951329154,210.6299303312258,-2.7696408448494134,Ice
-3.2,2.1,96.0,4.0,2.1,0.0,0.0,0.34,0.11,0.38,112.0,-8.1,Snow
0.4,0.9,98.0,0.0,0.7,0.0,0.02,0.0,0.0,0.82,465.0,4.550000000000001,Rain
-6.922236128475035,2.760300905628134,76.32282057735995,2.7267958296495522,3.0858232620507335,0.0,0.1544525747203525,0.2202405863216272,0.0027425364757487913,0.3675499821066658,105.0,-1.3,Ice
-8.5,5.6,63.0,0.0,0.0,0.0,0.0,0.0,0.0,0.82,112.0,-5.5,Normal
-1.1,2.434885573796291,100.0,1.4882008147726458,5.137551636468502,0.0,0.0,0.0,0.13120271026944572,0.38373553149225037,110.57249027180414,-5.529887038708047,Ice
4.5,1.2,54.0,0.0,0.0,0.0,0.01,0.0,0.0,0.82,105.0,6.15,Rain
3.2,0.4,90.0,0.0,0.0,0.0,0.0,0.0,0.0,0.82,420.0,8.9,Normal
-7.9,3.4,66.0,0.0,0.0,0.0,0.0,0.0,0.0,0.82,438.0,-4.05,Normal
-13.4,1.9,49.0,0.0,0.0,0.0,0.0,0.0,0.0,0.82,105.0,-6.95,Ice
-7.180592608059671,0.1,83.82448006944125,3.724814504698192,0.0,0.0,0.09038846623865451,0.09050132023069891,0.2166244925375648,0.6048871888340338,250.0776052308918,-1.3,Ice
3.4,0.3,94.0,0.0,0.0,0.0,0.0,0.0,0.0,0.82,402.0,8.5,Normal
-4.2,2.1,96.0,4.0,1.0,4.0,0.0,0.4,0.15,0.34,112.0,-3.4,Snow
2.9,6.1,77.0,0.0,12.5,0.0,0.21,0.0,0.0,0.74,110.0,1.35,Rain
7.3,1.2,60.0,0.0,0.0,0.0,0.0,0.0,0.0,0.82,410.0,8.299999999999999,Normal
-7.6,5.5,66.0,4.0,0.3,0.0,0.0,0.0,0.0,0.82,432.0,-2.9,Snow
-9.964935470067456,3.7354023895287876,82.67855562831552,1.7967187277090546,0.0,0.0,0.25,0.05155688744934924,0.196305015628514,0.5333891604954375,105.0,-7.5587400138294445,Ice
-14.2,3.4,51.0,0.0,0.0,0.0,0.0,0.0,0.0,0.82,112.0,-9.75,Normal
-17.6,0.8,45.0,0.0,0.0,0.0,0.0,0.51,0.02,0.38,415.0,-16.3,Normal
-7.3,4.2,67.0,4.0,0.0,0.0,0.0,0.0,0.0,0.82,465.0,-1.75,Snow
3.3,1.6,100.0,1.0,6.9,0.0,0.24,0.0,0.0,0.73,112.0,-4.1499999999999995,Rain
5.8,1.3,96.0,0.0,0.0,0.0,0.0,0.0,0.0,0.82,432.0,9.45,Normal
-10.0,3.1,61.0,4.0,0.0,0.0,0.0,0.0,0.0,0.82,422.0,-3.8000000000000003,Snow
2.4,2.4,99.0,0.0,4.3,0.0,0.0,0.0,0.0,0.82,115.0,-4.3500000000000005,Rain
-15.4,2.7,43.0,0.0,0.0,0.0,0.0,0.0,0.0,0.82,406.0,-6.75,Normal
-6.318345369333308,7.2,75.67496511058405,1.128237218474559,0.0,0.0,0.00043905192961068984,0.18256300026243216,0.029736157085081386,0.6192598444068106,169.94364597018824,-7.317098626667953,Ice
-6.5,2.6,73.0,4.0,0.0,0.0,0.01,0.0,0.0,0.82,112.0,-5.05,Snow
-14.2,3.0,44.0,0.0,0.0,0.0,0.0,0.0,0.0,0.82,425.0,-6.4,Normal
-4.735667874927105,5.529417509570525,100.0,1.139949524397802,2.399101588208362,0.0,0.10311737494051676,0.028969964862268938,0.0,0.5899862285305335,228.27753723813515,-3.3441239981058466,Ice
-7.6,5.3,67.0,4.0,0.5,0.0,0.0,0.0,0.0,0.82,422.0,-3.1,Snow
-3.1,2.6,99.0,5.0,4.8,15.0,0.07,0.21,0.38,0.13,112.0,-1.7999999999999998,Snow
-7.015870201421238,2.564731914597291,88.96779750919964,0.0,1.287601335765292,0.0,0.08730432863390039,0.13593134028157403,0.03144603405833271,0.6225852021403417,109.76126413971336,-1.3,Ice
4.2,4.0,95.0,0.0,0.7,0.0,0.14,0.0,0.0,0.78,115.0,1.5,Rain
-13.9,3.5,43.0,4.0,0.0,0.0,0.0,0.0,0.0,0.82,357.0,-6.6,Rain
-13.6,5.2,44.0,0.0,0.0,0.0,0.0,0.0,0.0,0.82,487.0,-7.55,Normal
-4.159955849153972,2.0626078119887374,100.0,0.8606921288566161,2.3359652543988347,0.0,0.027977750019914593,0.0,0.012848642133493751,0.82,105.0,-3.403977922200036,Ice
-6.92077123847754,3.9024432459522838,91.09767738948761,1.931101224188329,1.9590344430665305,0.0,0.13346398576929844,0.20791896453267056,0.1283759322973378,0.6676804552644446,105.0,-6.753325102906687,Ice
-14.8,0.3,77.0,0.0,0.0,0.0,0.0,0.0,0.0,0.82,450.0,-6.7,Normal
-16.9,2.4,28.0,0.0,0.0,0.0,0.0,0.0,0.0,0.82,410.0,-3.15,Normal
-24.3,0.3,67.0,0.0,0.0,0.0,0.0,0.52,0.02,0.38,420.0,-17.599999999999998,Normal
-15.3,0.3,45.0,0.0,0.0,0.0,0.0,0.0,0.0,0.82,410.0,-5.25,Normal
5.3,1.6,100.0,0.0,0.2,0.0,0.1,0.0,0.0,0.8,112.0,1.25,Rain
-15.1,0.4,46.0,0.0,0.0,0.0,0.0,0.0,0.0,0.82,420.0,-5.449999999999999,Normal
-1.83214234841402,0.6099586768764889,78.5170904946773,1.3581159415845026,1.5519224590189764,0.0,0.15787664365227355,0.28152680745884207,0.140491638332433,0.7224363172646779,105.0,-9.825238835512657,Ice
-9.675888310457342,2.8058458599804466,67.15830403683478,1.912662207839476,0.0,0.0,0.19712678813996382,0.0,0.0727028978295163,0.5238855970924408,105.0,-5.923540163684064,Ice
6.9,1.1,56.0,0.0,0.0,0.0,0.0,0.0,0.0,0.82,415.0,9.05,Normal
7.0,0.4,68.0,0.0,0.0,0.0,0.0,0.0,0.0,0.82,393.0,9.9,Normal
4.8,2.8,92.0,0.0,0.7,0.0,0.21,0.0,0.0,0.74,112.0,1.5999999999999999,Rain
0.0,1.3,100.0,4.0,4.6,5.0,0.0,0.31,0.16,0.3,107.0,-3.0,Snow
-2.2,2.3,100.0,4.0,4.3,6.0,0.25,0.0,0.0,0.73,112.0,-2.85,Snow
-4.4,1.2,93.0,4.0,3.0,3.0,0.0,0.23,0.2,0.23,115.0,-2.1999999999999997,Snow
4.1,1.5,100.0,1.0,10.7,0.0,0.51,0.0,0.0,0.67,110.0,-4.300000000000001,Rain
3.9,3.1,47.0,0.0,0.0,0.0,0.0,0.0,0.0,0.82,465.0,8.3,Normal
5.4,1.1,86.0,0.0,0.0,0.0,0.0,0.0,0.0,0.82,417.0,9.649999999999999,Normal
-1.6770095183290015,1.4935351351951878,94.62080403400435,0.0,1.8176803938177892,0.0,0.0,0.1720664332968547,0.2216351925568671,0.5542989128964482,105.0,-1.3,Ice
-7.4,3.6,72.0,0.0,0.0,0.0,0.0,0.0,0.0,0.82,122.0,-4.05,Normal
7.7,1.3,66.0,0.0,0.2,0.0,0.0,0.0,0.0,0.82,110.0,9.55,Rain
5.5,2.4,95.0,0.0,6.5,0.0,0.3,0.0,0.0,0.71,110.0,0.4500000000000002,Rain
-3.6,1.6,90.0,4.0,0.1,8.0,0.0,0.0,0.0,0.82,110.0,-2.45,Snow
-11.9,1.0,58.0,0.0,0.0,0.0,0.0,0.0,0.0,0.82,405.0,-7.949999999999999,Normal
-1.3,5.6,93.0,4.0,0.4,2.0,0.28,0.04,0.06,0.71,110.0,-3.95,Snow
1.8,0.6,78.0,0.0,0.0,0.0,0.48,0.0,0.0,0.67,110.0,3.5500000000000003,Rain
-13.5,5.8,41.0,0.0,0.0,0.0,0.0,0.0,0.0,0.82,115.0,-4.9,Normal
4.2,3.2,99.0,0.0,3.0,0.0,0.43,0.0,0.0,0.68,112.0,-2.2,Rain
-5.8,2.7,80.0,4.0,0.1,3.0,0.05,0.0,0.0,0.81,112.0,-4.1499999999999995,Snow
-17.7,0.6,36.0,0.0,2.2,0.0,0.0,0.0,0.0,0.82,402.0,-5.75,Normal
-14.9,2.5,46.0,0.0,0.0,0.0,0.0,0.0,0.0,0.82,157.0,-5.9,Normal
6.3,6.1,91.0,0.0,0.0,0.0,0.01,0.0,0.0,0.82,112.0,2.0000000000000004,Rain
-12.4,3.3,50.0,0.0,0.0,0.0,0.0,0.0,0.0,0.82,405.0,-3.95,Normal
-4.7,1.8,97.0,0.0,1.1,0.0,0.0,0.28,0.19,0.24,112.0,-14.15,Ice
-3.3,4.3,98.0,5.0,2.1,18.0,0.0,0.33,0.17,0.29,110.0,-1.3,Snow
-14.2,1.8,38.0,0.0,0.0,0.0,0.0,0.0,0.0,0.82,422.0,-3.5,Normal
-14.9,3.3,35.0,0.0,0.0,0.0,0.0,0.0,0.0,0.82,440.0,-9.4,Normal
-3.7,4.7,95.0,5.0,1.3,11.0,0.0,0.24,0.09,0.41,110.0,-1.75,Snow
-14.7,1.1,49.0,0.0,0.0,0.0,0.0,0.0,0.0,0.82,500.0,-11.05,Normal
-9.9,3.4,59.0,4.0,0.0,0.0,0.0,0.0,0.0,0.82,411.0,-4.75,Normal
-1.1,1.7421449280920644,89.73344140728462,0.12285858109428993,0.283276296587468,0.0,0.0013953120784642448,0.4,0.04019220844212569,0.3815509642369769,122.81298784061646,-1.3,Ice
-1.1,3.3694723432016835,93.96871170131905,0.9636297891674879,1.3535881264124607,0.0,0.08057506618132779,0.22273985439775265,0.29331158862438184,0.791593113383321,105.0,-1.3,Ice
-9.802276072341087,2.5990424852511285,73.65292640138286,0.0,0.0,0.0,0.1913396502887306,0.0,0.1034877993068633,0.7251938778458477,105.43464893395284,-3.971580587378763,Ice
-8.706335504249719,0.1,100.0,0.0384886200943213,1.4487781316185488,0.0,0.19750107395134892,0.22412210434818358,0.03044305527852792,0.5634175890388295,116.37074485088144,-4.087397837276314,Ice
-9.2,1.7,57.0,0.0,0.0,0.0,0.0,0.0,0.0,0.82,420.0,-2.4000000000000004,Normal
-8.0,0.8,70.0,0.0,0.0,0.0,0.0,0.0,0.0,0.82,115.0,-4.05,Rain
-1.1,2.453066812378444,80.28321902723354,0.012896287257676997,0.0,0.0,0.034737606173651306,0.19885971287192167,0.32042371396616576,0.6097018828718577,105.76292951086883,-4.487511348772474,Ice
-1.1,2.9106271766912037,85.15404266189985,2.3057301893132554,2.2006108018959667,0.0,0.25,0.34869984082970795,0.12485717884529747,0.8144965014806462,120.33941886907789,-11.56036274535197,Ice
-0.4,4.4,80.0,0.0,0.0,0.0,0.0,0.0,0.0,0.82,414.0,-0.8999999999999999,Rain
5.2,3.4,92.0,0.0,0.1,0.0,0.29,0.0,0.0,0.71,115.0,0.10000000000000009,Rain
-2.5,1.2,70.0,0.0,0.0,0.0,0.0,0.0,0.0,0.82,410.0,0.25,Normal
3.6,2.0,100.0,1.0,3.2,0.0,0.56,0.01,0.02,0.66,110.0,-0.19999999999999996,Rain
-12.0,2.3,45.0,0.0,0.0,0.0,0.0,0.0,0.0,0.82,401.0,-5.65,Normal
-3.4,4.2,88.0,4.0,0.8,0.0,0.3,0.0,0.0,0.71,112.0,-1.8499999999999999,Snow
-12.3,1.9,44.0,0.0,0.0,0.0,0.0,0.0,0.0,0.82,400.0,-6.25,Normal
-14.3,0.3,68.0,0.0,0.0,0.0,0.0,0.0,0.0,0.82,105.0,-5.6000000000000005,Ice
-15.7,1.3,38.0,0.0,0.0,0.0,0.0,0.0,0.0,0.82,440.0,-5.6,Normal
5.8,2.1,87.0,0.0,0.0,0.0,0.1,0.0,0.0,0.8,112.0,1.8000000000000003,Rain
-2.9,4.8,96.0,4.0,3.7,3.0,0.14,0.04,0.08,0.78,112.0,-2.0500000000000003,Snow
-4.7,3.0,89.0,4.0,0.2,0.0,0.0,0.05,0.07,0.54,112.0,-2.6999999999999997,Snow
3.6,0.8,70.0,0.0,0.0,0.0,0.0,0.0,0.0,0.82,435.0,5.9,Normal
4.5,1.0,93.0,0.0,0.6,0.0,0.52,0.0,0.0,0.67,112.0,8.4,Rain
3.7,3.7,96.0,0.0,0.2,0.0,0.12,0.0,0.0,0.79,110.0,1.5,Rain
4.2,1.4,50.0,0.0,0.0,0.0,0.0,0.0,0.0,0.82,115.0,6.3500000000000005,Normal
-4.405064449128405,5.56528261282612,73.89772485981479,0.5906539456798762,0.8889579435264443,0.0,0.19407982932618378,0.0,0.0,0.82,105.0,-2.1094925898393395,Ice
-6.2,4.9,97.0,4.0,0.0,0.0,0.0,0.0,0.0,0.82,419.0,-4.25,Snow
4.4,0.9,94.0,0.0,0.1,0.0,0.27,0.0,0.0,0.72,112.0,7.3500000000000005,Rain
-4.7,7.8,88.0,4.0,0.2,1.0,0.12,0.0,0.0,0.79,112.0,-2.55,Snow
-15.0,3.3,70.0,0.0,0.0,0.0,0.0,0.0,0.0,0.82,422.0,-10.4,Normal
-5.2,2.0,66.0,0.0,0.0,0.0,0.0,0.0,0.0,0.82,432.0,-4.45,Normal
-9.3,3.0,66.0,0.0,0.0,0.0,0.0,0.0,0.0,0.82,410.0,-4.5,Normal
4.8,3.8,97.0,0.0,0.1,0.0,0.15,0.0,0.0,0.78,112.0,1.0,Rain
-5.1,5.3,88.0,4.0,1.2,1.0,0.02,0.1,0.15,0.29,112.0,-2.25,Snow
-18.2,1.4,37.0,0.0,0.0,0.0,0.0,0.0,0.0,0.82,400.0,-7.5,Rain
-8.7,1.8,68.0,0.0,0.0,0.0,0.0,0.0,0.0,0.82,185.0,-4.1499999999999995,Normal
0.7,3.8,95.0,1.0,1.3,0.0,0.33,0.0,0.0,0.7,115.0,-0.9,Rain
-7.3,2.9,71.0,0.0,0.0,0.0,0.0,0.0,0.0,0.82,435.0,-2.15,Normal
-15.5,0.9,41.0,0.0,0.0,0.0,0.0,0.0,0.0,0.82,405.0,-5.1,Normal
-15.7,3.8,39.0,0.0,0.0,0.0,0.0,0.0,0.0,0.82,435.0,-3.1,Normal
-10.8,0.3,71.0,0.0,0.0,0.0,0.0,0.0,0.0,0.82,442.0,-4.2,Normal
-5.4,5.8,78.0,4.0,0.1,1.0,0.03,0.0,0.0,0.82,112.0,-2.35,Snow
2.8,1.2,100.0,1.0,10.2,0.0,0.46,0.0,0.0,0.68,110.0,-4.800000000000001,Rain
-10.6,2.9,54.0,4.0,0.0,0.0,0.0,0.0,0.0,0.82,452.0,-5.55,Snow
3.6,0.8,63.0,0.0,0.0,0.0,0.01,0.0,0.0,0.82,105.0,6.2,Rain
-0.2,1.2,40.0,0.0,0.0,0.0,0.0,0.0,0.0,0.82,417.0,7.1000000000000005,Normal
4.6,3.4,48.0,0.0,0.0,0.0,0.01,0.0,0.0,0.82,112.0,9.15,Rain
-3.0,6.6,95.0,5.0,3.5,21.0,0.24,0.0,0.0,0.73,110.0,-1.5999999999999999,Snow
-1.9812064542101049,2.6593226309739415,61.3828193365472,0.6427656919633273,0.0,0.0,0.018500978622854665,0.0,0.11017269141482723,0.82,124.5234388184448,-9.907740763142966,Ice
-3.79478069850152,3.932731877700401,76.35286582802718,0.0,2.424786350037173,0.0,0.1539612495212645,0.2502755036819667,0.023390064579240977,0.82,106.69718449185785,-6.02384000682943,Ice
-4.3726986460985025,2.8444470122545025,84.89719640879464,0.3135803691064232,3.1426826233276572,0.0,0.09558114703325918,0.0,0.15487409019032766,0.6209564276494313,133.4144741000926,-5.8053736423755256,Ice
-8.0,1.8,50.0,0.0,0.0,0.0,0.0,0.0,0.0,0.82,112.0,-1.6,Rain
3.9,2.5,96.0,0.0,2.7,0.0,0.31,0.0,0.0,0.7,112.0,-2.7,Rain
4.0,2.2,87.0,0.0,0.0,0.0,0.0,0.0,0.0,0.82,165.0,9.9,Normal
-3.6241168866856084,2.777564799079523,80.42982210249714,0.170387321069285,0.4308357932781739,0.0,0.10293467091274813,0.07509203891177557,0.15460759594268716,0.4336094987244678,119.83301067776571,-1.3,Ice
-1.1,0.1,96.38666124096648,1.177596243438748,3.160232131214477,0.0,0.08463762743969662,0.047889097256971276,0.17547475837385626,0.3511829540229603,105.0,-1.3,Ice
-9.7,2.2,53.0,0.0,0.3,0.0,0.0,0.01,0.0,0.82,427.0,-3.15,Normal
2.2,6.1,89.0,1.0,0.3,0.0,0.55,0.0,0.0,0.66,110.0,0.09999999999999987,Rain
5.3,3.2,100.0,0.0,2.9,0.0,0.18,0.0,0.0,0.76,112.0,-2.3499999999999996,Rain
-2.9,2.5,100.0,4.0,2.4,0.0,0.0,0.43,0.11,0.38,115.0,-7.0,Snow
-18.6,2.9,30.0,0.0,0.0,0.0,0.0,0.0,0.0,0.82,464.0,-14.15,Normal
-0.9,3.4,95.0,4.0,0.6,4.0,0.7,0.0,0.0,0.64,112.0,-4.2,Snow
4.9,2.3,94.0,0.0,0.0,0.0,0.09,0.0,0.0,0.8,112.0,1.9000000000000001,Rain
9.0,1.7,73.0,0.0,0.0,0.0,0.0,0.0,0.0,0.82,385.0,9.2,Normal
-15.2,0.4,44.0,0.0,0.0,0.0,0.0,0.0,0.0,0.82,430.0,-6.15,Normal
-19.7,1.2,40.0,0.0,0.0,0.0,0.0,0.0,0.0,0.82,402.0,-7.5,Normal
-8.2,3.1,63.0,4.0,0.0,0.0,0.0,0.0,0.0,0.82,405.0,-3.6999999999999997,Snow
-5.3,3.5,92.0,5.0,1.2,15.0,0.0,0.16,0.07,0.46,112.0,-2.9,Snow
-7.329798449134957,6.5427390064268085,100.0,3.352789484279864,1.7514206032866328,0.0,0.0,0.19856767432598632,0.06362466105687803,0.33391142754630654,105.0,-11.669279189038566,Ice
-3.1908966746441054,4.569309197573773,90.205687685223,2.346097763650521,1.5168801414473942,0.0,0.0,0.02705707161428643,0.22111458433941666,0.44696167429447775,105.0,-1.8347382242471704,Ice
-5.1,1.5,65.0,0.0,0.0,0.0,0.0,0.0,0.0,0.82,417.0,-1.0,Normal
6.7,1.6,66.0,0.0,0.0,0.0,0.0,0.0,0.0,0.82,475.0,9.55,Rain
4.9,4.3,91.0,0.0,13.2,0.0,0.36,0.0,0.0,0.69,110.0,1.15,Rain
5.1,2.0,73.0,0.0,0.0,0.0,0.0,0.0,0.0,0.82,390.0,5.55,Normal
-1.595970608091982,0.1,90.82923025498913,0.47977667476485364,2.2902521056729723,0.0,0.0,0.09067327506424198,0.1013746509584434,0.7111705913015083,142.77535713602148,-3.1057912317343384,Ice
4.7,1.1,87.0,0.0,0.1,0.0,0.14,0.0,0.0,0.78,115.0,8.0,Rain
-8.2,0.6,74.0,0.0,0.8,0.0,0.0,0.0,0.0,0.82,420.0,-3.6,Normal
4.9,1.3,93.0,0.0,0.2,0.0,0.12,0.0,0.0,0.79,110.0,1.95,Rain
-5.298377782609922,5.039650456668821,82.14651281072908,1.7213505508312732,1.2660781906350351,0.0,0.05157791553947184,0.09364917001143264,0.07886898239271112,0.82,105.0,-6.4856716743436795,Ice
-7.6,4.5,74.0,4.0,0.1,0.0,0.01,0.0,0.0,0.82,112.0,-6.95,Snow
-7.7,2.6,55.0,0.0,0.0,0.0,0.0,0.0,0.0,0.82,409.0,-1.6,Normal
-10.449036401457674,1.4221536227020988,52.52828850181931,1.971461937571933,3.877863258265978,0.0,0.08948020501226608,0.09538114726465342,0.0,0.44226244250589547,327.10976983140483,-7.292165564399487,Ice
-2.2,2.8,92.0,4.0,4.0,0.0,0.14,0.0,0.0,0.78,110.0,-1.2,Snow
0.3,1.6,50.0,0.0,0.0,0.0,0.06,0.0,0.0,0.81,110.0,5.45,Normal
4.8,4.4,91.0,0.0,0.1,0.0,0.14,0.0,0.0,0.78,115.0,-0.6000000000000001,Rain
-1.1,4.630238999572458,91.78119773544073,0.8306249538810502,0.21340870737862572,0.0,0.0,0.24391205479667505,0.14611878640358128,0.4931630089503706,118.45139217211798,-8.702815337911922,Ice
5.3,1.1,100.0,0.0,0.2,0.0,0.11,0.0,0.0,0.8,112.0,1.25,Rain
-6.4,3.1,71.0,0.0,0.0,0.0,0.0,0.0,0.0,0.82,419.0,-2.7,Normal
-6.6,6.2,74.0,4.0,0.2,0.0,0.02,0.0,0.0,0.82,430.0,-2.7,Snow
-2.5,2.7,97.0,4.0,7.3,6.0,0.12,0.05,0.06,0.79,112.0,-2.25,Snow
-7.9,1.5,60.0,0.0,0.0,0.0,0.0,0.0,0.0,0.82,357.0,-2.9,Normal
-3.9,3.9,95.0,4.0,1.1,11.0,0.05,0.1,0.16,0.3,112.0,-3.3000000000000003,Snow
-2.9,6.1,96.0,4.0,3.3,3.0,0.0,0.4,0.1,0.38,141.0,-2.55,Snow
-10.5,2.4,57.0,0.0,0.0,0.0,0.0,0.0,0.0,0.82,440.0,-3.4,Normal
-8.5,4.5,64.0,4.0,0.0,0.0,0.0,0.0,0.0,0.82,115.0,-3.7,Snow
-8.3,2.4,67.0,4.0,0.2,0.0,0.0,0.14,0.03,0.5,419.0,-5.1,Normal
-9.0,1.9,65.0,0.0,0.7,0.0,0.01,0.0,0.0,0.82,497.0,-4.35,Normal
-5.8,2.1,89.0,4.0,0.2,5.0,0.11,0.04,0.05,0.79,110.0,-5.6,Snow
-17.2,1.3,36.0,0.0,0.2,0.0,0.0,0.0,0.0,0.82,182.0,-5.9,Normal
-8.6,0.8,73.0,0.0,0.0,0.0,0.0,0.0,0.0,0.82,432.0,-3.55,Normal
1.8,0.6,64.0,0.0,0.0,0.0,0.0,0.0,0.0,0.82,125.0,6.1,Rain
-4.666369754601134,5.989008177644906,76.54248742502809,0.6470934959740888,2.218897984175167,0.0,0.0,0.15559607943387793,0.27201126995698777,0.5655457611397899,240.58800847888003,-10.268945747600668,Ice
-3.1,2.4,97.0,6.0,1.1,24.0,0.0,0.46,0.11,0.38,112.0,-7.1,Snow
-2.1,2.8,99.0,4.0,4.6,6.0,0.38,0.02,0.08,0.69,112.0,-0.5,Snow
1.3,1.2,99.0,1.0,11.5,0.0,0.43,0.0,0.0,0.68,115.0,-2.6,Rain
-2.2,1.8,100.0,4.0,4.5,11.0,0.0,0.12,0.14,0.31,110.0,-1.7,Snow
1.5,4.9,95.0,1.0,4.1,0.0,0.41,0.0,0.0,0.68,110.0,-0.7,Rain
4.6,1.8,100.0,0.0,5.1,0.0,0.23,0.0,0.0,0.73,112.0,-1.0500000000000003,Rain
-13.7,0.5,66.0,0.0,0.0,0.0,0.0,0.0,0.0,0.82,420.0,-5.1,Normal
6.3,2.0,86.0,0.0,0.0,0.0,0.0,0.0,0.0,0.82,560.0,7.3,Normal
-1.1,1.1258898927690457,95.0748034607864,2.0709078138305013,0.31139473201381707,0.0,0.1259629822142026,0.12938846382736266,0.18605866323063303,0.82,120.3787353727302,-6.494919188567423,Ice
-2.3,5.6,97.0,4.0,0.6,1.0,0.0,0.35,0.13,0.36,112.0,-0.9500000000000001,Snow
-1.1,1.8667166625025016,75.27946924369643,0.0,0.986452405028826,0.0,0.14534559317729207,0.03499191781911716,0.18465614705930788,0.32540773312601534,223.76172413674811,-7.016234712829345,Ice
1.1,1.4,48.0,0.0,0.0,0.0,0.0,0.0,0.0,0.82,322.0,5.3,Normal
-5.766437485154039,1.5961121274884664,100.0,2.8143521047650157,0.3582109357528571,0.0,0.0,0.05249937607138934,0.0,0.6266516056591803,105.0,-1.3,Ice
4.3,1.4,100.0,0.0,6.9,0.0,0.24,0.0,0.0,0.73,112.0,-3.6499999999999995,Rain
-1.1,0.1,83.99575724561674,0.573974501205091,0.0,0.0,0.06882638436558088,0.06874328633165216,0.0,0.82,232.46092508015892,-4.605162252561661,Ice
6.9,2.1,70.0,0.0,0.0,0.0,0.0,0.0,0.0,0.82,400.0,9.1,Normal
-3.1,2.9,97.0,4.0,3.8,2.0,0.0,0.57,0.06,0.38,112.0,-3.05,Snow
4.1,2.2,93.0,0.0,0.0,0.0,0.0,0.0,0.0,0.82,392.0,8.25,Normal
-11.063830587056682,4.625461365265489,91.49741054327546,0.0,0.21543568643524647,0.0,0.1539115426083994,0.1437940385179379,0.15000166288395322,0.7813972417018465,113.64791451876106,-2.9014501780089543,Ice
6.1,1.6,85.0,0.0,0.0,0.0,0.02,0.0,0.0,0.82,110.0,8.7,Rain
-16.7,0.7,38.0,0.0,0.0,0.0,0.0,0.0,0.0,0.82,475.0,-6.199999999999999,Normal
-7.9,4.4,65.0,4.0,0.1,0.0,0.0,0.0,0.0,0.82,112.0,-2.65,Snow
-2.5178365346114915,3.03308465080723,68.96401538684725,2.7562103313151063,0.04801457006005849,0.0,0.08047235705692704,0.24141912723839143,0.043825850109922834,0.82,266.7532290748997,-12.26138916204214,Ice
-3.1,3.3,99.0,4.0,0.9,2.0,0.0,0.31,0.08,0.39,110.0,-3.3,Snow
-2.8,4.4,96.0,5.0,4.1,2.0,0.17,0.17,0.29,0.36,110.0,-1.4,Snow
-3.4,1.1,61.0,0.0,0.0,0.0,0.01,0.0,0.0,0.82,395.0,0.7,Normal
4.5,0.5,95.0,0.0,0.0,0.0,0.01,0.0,0.0,0.82,438.0,5.8,Normal
4.1,3.2,100.0,0.0,4.0,0.0,0.59,0.0,0.0,0.66,115.0,-3.15,Rain
-1.3,4.6,96.0,4.0,7.0,1.0,0.31,0.01,0.02,0.71,110.0,-1.5499999999999998,Snow
-7.141223514955774,3.0522671721539316,81.52079736065265,2.175915462689092,3.0235359737492855,0.0,0.2196614778926388,0.207609042557862,0.21254447312282854,0.1721241161373988,105.0,-7.700086286846837,Ice
-1.8479803438080502,4.428905161849793,93.28860709533966,0.0,0.0,0.0,0.031159530936555074,0.0,0.0,0.5502744657186902,105.0,-2.918927265185863,Ice
-3.1,3.8,98.0,5.0,4.4,9.0,0.0,0.52,0.13,0.36,110.0,-1.35,Snow
-14.3,4.560792389202373,80.51682914584094,0.5235979262043011,2.1277536407439817,0.0,0.0,0.38702455223735815,0.23312561325833028,0.3464106173496653,113.79780658937545,-5.3228413038522895,Ice
5.3,4.1,98.0,0.0,0.5,0.0,0.05,0.0,0.0,0.81,112.0,-1.4,Rain
5.2,2.4,100.0,0.0,5.1,0.0,0.23,0.0,0.0,0.73,112.0,-0.8500000000000001,Rain
-3.2,3.0,100.0,5.0,4.8,16.0,0.01,0.68,0.14,0.36,110.0,-1.7,Snow
-2.4,2.3,98.0,5.0,1.1,7.0,0.0,0.26,0.08,0.4,115.0,-6.300000000000001,Snow
5.7,5.3,93.0,0.0,0.0,0.0,0.04,0.0,0.0,0.82,110.0,1.0500000000000003,Rain
-1.1,0.1,98.47052156633404,0.7555382644885453,1.8129660234577072,0.0,0.20547351980936118,0.2150300290020009,0.08521616756916245,0.3369447390672988,258.6744114767439,-6.038161233660947,Ice
-4.6,1.2,63.0,0.0,0.1,0.0,0.0,0.0,0.0,0.82,107.0,-0.09999999999999987,Rain
3.7,1.4,70.0,0.0,0.0,0.0,0.01,0.0,0.0,0.82,390.0,6.550000000000001,Normal
-5.331837835942272,1.5810365765889423,100.0,1.5366724971292074,2.659705654598538,0.0,0.14956747429355505,0.1529250267793165,0.0,0.519815630956372,105.0,-5.783278031855652,Ice
-5.684567241730481,1.629753996980421,97.4429264698777,1.9806176356607264,1.2602793846365015,0.0,0.1627549205055871,0.32068361355648584,0.0,0.13,105.0,-6.225293473161752,Ice
-6.5,5.0,80.0,4.0,0.6,0.0,0.0,0.2,0.25,0.17,487.0,-2.0500000000000003,Snow
-8.7,3.7,59.0,4.0,0.0,0.0,0.0,0.0,0.0,0.82,440.0,-3.2,Rain
-18.2,3.3,31.0,0.0,0.0,0.0,0.0,0.0,0.0,0.82,628.0,-13.75,Normal
0.0,1.3,100.0,4.0,3.9,14.0,4.02,0.0,0.0,0.2,110.0,-4.75,Rain
5.1,2.2,91.0,0.0,0.0,0.0,0.0,0.0,0.0,0.82,410.0,9.75,Normal
-4.8,3.6,97.0,4.0,0.9,2.0,0.0,0.19,0.17,0.26,125.0,-4.95,Snow
-3.1,2.1,85.0,4.0,4.3,0.0,0.24,0.0,0.0,0.73,112.0,-1.55,Rain
6.8,1.3,62.0,0.0,0.0,0.0,0.0,0.0,0.0,0.82,392.0,9.850000000000001,Rain
-20.0,1.6,25.0,0.0,0.0,0.0,0.0,0.0,0.0,0.82,420.0,-4.95,Normal
-15.7,3.5,48.0,0.0,0.0,0.0,0.0,0.0,0.0,0.82,415.0,-17.9,Normal
-8.637345042973521,4.00009309495079,98.31445442410306,1.2721127812444564,0.9004238912666109,0.0,0.12749205855608464,0.0,0.22833922397879897,0.5495680256397457,171.55585003034477,-1.3,Ice
-3.061563610883986,1.9881460260712809,82.86502016445368,0.5511299352356566,2.292270006378147,0.0,0.20722722213383288,0.24528487462755627,0.0,0.4727247316827118,114.8971650310813,-7.211876612696603,Ice
0.0,1.0,100.0,4.0,5.4,10.0,0.0,0.53,0.07,0.38,110.0,-2.0,Snow
-4.9,8.3,88.0,4.0,0.1,0.0,0.0,0.11,0.1,0.43,110.0,-4.65,Snow
6.7,1.5,57.0,0.0,0.0,0.0,0.0,0.0,0.0,0.82,391.0,9.4,Normal
-3.7,2.0,97.0,4.0,1.7,4.0,0.0,0.42,0.13,0.36,130.0,-4.25,Snow
-6.534027076502865,0.1,100.0,0.0,0.0,0.0,0.0,0.012610216405515712,0.06118939924835039,0.7058943078766942,128.27132662251944,-6.2427235979792925,Ice
2.5,3.0,100.0,0.0,6.2,0.0,0.18,0.01,0.01,0.76,112.0,-5.35,Rain
-7.6,5.0,70.0,4.0,0.1,0.0,0.02,0.0,0.0,0.82,107.0,-2.75,Snow
-5.2,4.2,91.0,5.0,0.5,10.0,0.25,0.0,0.0,0.73,112.0,-3.15,Snow
-3.2,4.6,96.0,5.0,2.8,7.0,0.0,0.89,0.05,0.37,112.0,-4.05,Snow
-8.234639561740206,2.2269101893271697,100.0,2.3253647816654635,0.9297489031772669,0.0,0.03410024208802002,0.0,0.12282093902834797,0.26879968082831096,164.8786934502641,-1.3,Ice
-1.8,1.9,96.0,0.0,4.8,0.0,0.0,0.04,0.19,0.2,112.0,-7.05,Rain
-2.7,2.8,68.0,0.0,0.0,0.0,0.0,0.0,0.0,0.82,492.0,-0.30000000000000004,Normal
-2.8,4.1,98.0,4.0,2.5,0.0,0.0,0.21,0.11,0.39,112.0,-7.65,Snow
-9.9,1.9,57.0,0.0,0.0,0.0,0.0,0.0,0.0,0.82,430.0,-11.25,Normal
-1.1,4.557806621754705,91.06325376486849,2.20266955735812,0.9582728249499122,0.0,0.05874632764557979,0.029178819066907405,0.13677722896263683,0.45318490775682546,138.7805825807879,-1.3,Ice
-6.542490238269114,4.498344248591819,92.51313578736838,0.1122604818764853,0.0,0.0,0.016661291969155785,0.0,0.25916302353797926,0.4762966665487004,105.0,-7.587934415747975,Ice
4.0,3.4,99.0,0.0,9.3,0.0,0.41,0.0,0.0,0.68,112.0,-2.85,Rain
4.4,4.7,96.0,0.0,0.3,0.0,0.1,0.0,0.0,0.8,110.0,0.25,Rain
6.1,3.0,98.0,0.0,0.0,0.0,0.03,0.0,0.0,0.82,112.0,1.8499999999999996,Rain
1.3,0.6,100.0,1.0,11.2,0.0,0.32,0.0,0.0,0.7,112.0,-2.0500000000000003,Rain
-5.587771164494354,1.3542596665866233,100.0,2.7151433714569397,4.279390601378077,0.0,0.0,0.19063337658696106,0.16470433812269358,0.266147272899446,136.86030098773335,-1.4157996283137724,Ice
-3.2359894660338204,2.674258501391834,100.0,1.000602889157689,1.466464522249507,0.0,0.14703729203846905,0.06059980997683518,0.09843859475253518,0.4599658010621954,186.78449621219775,-1.487178233609873,Ice
0.7,1.4,100.0,4.0,9.7,5.0,0.51,0.09,0.09,0.67,112.0,-3.2,Rain
2.7,0.6,78.0,0.0,0.0,0.0,0.0,0.0,0.0,0.82,109.0,6.15,Normal
-5.2,3.8,91.0,4.0,5.0,0.0,0.0,0.16,0.16,0.27,110.0,-2.9,Snow
-17.3,0.5,36.0,0.0,0.0,0.0,0.0,0.0,0.0,0.82,160.0,-7.050000000000001,Normal
3.8,1.7,89.0,0.0,0.3,0.0,0.02,0.0,0.0,0.82,115.0,7.65,Rain
4.6,3.7,98.0,0.0,2.6,0.0,0.51,0.0,0.0,0.67,112.0,-1.9500000000000002,Rain
-12.2,2.0,48.0,0.0,0.0,0.0,0.0,0.0,0.0,0.82,432.0,-5.95,Normal
-13.5,0.8,70.0,0.0,0.0,0.0,0.0,0.0,0.0,0.82,112.0,-9.200000000000001,Normal
-7.5,7.8,67.0,4.0,0.0,0.0,0.0,0.0,0.0,0.82,112.0,-1.25,Snow
-12.5,0.3,57.0,0.0,0.0,0.0,0.0,0.0,0.0,0.82,435.0,-5.65,Normal
6.1,3.1,98.0,0.0,0.0,0.0,0.0,0.0,0.0,0.82,110.0,7.25,Rain
-6.584141312868201,6.854967648330833,74.71163355002324,1.3251218632853925,0.22313997991087708,0.0,0.13993976979110845,0.15709405714299576,0.09395540022696623,0.5295382582548929,105.0,-6.9675052333086445,Ice
-5.5,5.5,75.0,0.0,0.0,0.0,0.0,0.0,0.0,0.82,422.0,-2.3,Normal
-2.5,3.7,95.0,4.0,3.1,7.0,0.21,0.03,0.07,0.74,110.0,-1.1,Snow
5.6,3.2,90.0,0.0,0.7,0.0,0.04,0.0,0.0,0.82,110.0,0.8500000000000001,Rain
5.3,4.1,89.0,0.0,1.7,0.0,0.42,0.0,0.0,0.68,112.0,0.0,Rain
-0.1,1.4,100.0,4.0,5.4,5.0,0.0,0.52,0.12,0.37,107.0,-3.0,Snow
-13.4,2.2,42.0,0.0,0.0,0.0,0.0,0.0,0.0,0.82,430.0,-11.3,Normal
-8.6,1.7,67.0,4.0,0.0,0.0,0.0,0.0,0.0,0.82,385.0,-8.7,Snow
-7.5,4.6,65.0,4.0,0.0,0.0,0.0,0.0,0.0,0.82,182.0,-4.05,Snow
5.0,3.8,98.0,0.0,3.0,0.0,0.46,0.0,0.0,0.67,112.0,-1.7000000000000002,Rain
-1.2,5.5,83.0,1.0,0.1,0.0,0.07,0.0,0.0,0.81,112.0,-2.95,Rain
-1.9340303686965852,0.9460079169266298,59.773966609746324,4.0,1.3004722337319707,0.0,0.01572325311370746,0.23788711355501535,0.11677787011244077,0.13408682807183658,105.0,-4.998971324026613,Ice
5.3,2.8,95.0,0.0,0.1,0.0,0.1,0.0,0.0,0.8,112.0,1.15,Rain
5.1,0.7,97.0,0.0,0.0,0.0,0.0,0.0,0.0,0.82,110.0,6.9,Rain
-11.1,4.7,49.0,0.0,0.0,0.0,0.0,0.0,0.0,0.82,415.0,-6.45,Normal
-7.2,3.3,73.0,4.0,2.4,0.0,0.0,0.15,0.19,0.23,112.0,-3.3499999999999996,Snow
2.4,3.0,99.0,1.0,5.3,0.0,0.36,0.0,0.0,0.69,110.0,-4.85,Rain
-7.364469115187305,0.1,100.0,1.5804271229064213,0.23504512808510913,0.0,0.06549551804875019,0.06427798635655639,0.10906007791365804,0.5890006597602032,137.94557572759058,-3.9984019969420617,Ice
-8.7,1.7,53.0,0.0,0.0,0.0,0.0,0.0,0.0,0.82,452.0,-3.05,Normal
-1.3812666067735608,3.024680711273995,85.1230334085957,0.0,1.4168650402423857,0.0,0.0597878928855866,0.07712125923799351,0.2742686061740348,0.6668479058805143,123.58059428534932,-8.844141426965265,Ice
-3.3111145827794006,7.2,93.64751831396144,1.6930614961517163,2.3465480514226815,0.0,0.0,0.09176968700225642,0.1332711136295704,0.82,213.30354168019716,-8.248455875797397,Ice
5.7,3.2,99.0,0.0,6.5,0.0,0.2,0.0,0.0,0.75,112.0,1.2999999999999998,Rain
5.6,2.3,96.0,0.0,0.0,0.0,0.02,0.0,0.0,0.82,110.0,8.5,Rain
-14.2,0.3,58.0,0.0,0.0,0.0,0.0,0.0,0.0,0.82,482.0,-10.0,Normal
-12.1,3.0,48.0,4.0,0.0,0.0,0.0,0.0,0.0,0.82,112.0,-7.6,Snow
2.8,3.7,98.0,1.0,0.2,0.0,0.22,0.0,0.0,0.74,112.0,0.8,Rain
-1.1,0.1,100.0,1.0,6.7,0.0,0.0,0.4,0.3,0.18,112.0,-2.1,Ice
-8.0,6.3,70.0,4.0,0.0,0.0,0.06,0.0,0.0,0.81,112.0,-6.550000000000001,Rain
-7.1,5.3,72.0,4.0,0.0,0.0,0.0,0.0,0.0,0.82,110.0,-3.15,Snow
-6.7,3.6,72.0,4.0,0.1,0.0,0.0,0.0,0.0,0.82,430.0,-3.2,Snow
-13.0,6.9,46.0,0.0,0.0,0.0,0.0,0.0,0.0,0.82,417.0,-6.75,Normal
-8.57856758929525,4.322572664182155,93.1115331634752,0.9286304236830046,0.0,0.0,0.1532403728038207,0.0,0.013840549419347065,0.5086294752951009,111.62628519213996,-8.797649031945703,Ice
2.5,1.0,73.0,0.0,0.0,0.0,0.05,0.22,0.17,0.27,110.0,3.5,Rain
6.1,0.7,77.0,0.0,0.0,0.0,0.0,0.0,0.0,0.82,400.0,8.35,Normal
2.9,3.1,97.0,1.0,0.2,0.0,0.17,0.0,0.0,0.76,112.0,0.7999999999999998,Rain
-2.6766275853826245,4.498962638933864,75.09970045491617,1.1349273991122633,1.175934114022448,0.0,0.04089660217689248,0.3093716882767942,0.14419433323916633,0.38190392458896494,150.2052022401388,-3.8430616357691525,Ice
-4.7,2.5,73.0,0.0,0.0,0.0,0.0,0.0,0.0,0.82,392.0,-2.55,Rain
-7.6,0.9,53.0,0.0,0.0,0.0,0.0,0.0,0.0,0.82,392.0,-3.0,Rain
-3.8987421861222264,1.5296616445556388,100.0,3.8377465212518027,0.596886832368425,0.0,0.0,0.0,0.036290919245789865,0.4684035720656445,160.67594960605453,-9.820511725978482,Ice
-2.9,5.1,93.0,4.0,1.5,5.0,0.23,0.0,0.0,0.73,112.0,-1.45,Snow
-3.0,5.2,89.0,4.0,2.1,0.0,0.16,0.0,0.0,0.77,112.0,-1.5,Snow
-6.2,7.6,73.0,4.0,0.1,0.0,0.0,0.0,0.0,0.82,299.0,-2.55,Snow
-4.554412751957781,6.7114241811491775,93.02508005083808,3.1962408754378275,5.513429335873369,0.0,0.0,0.3121062578808628,0.18329759282341962,0.82,184.01175345012354,-3.7995979816457184,Ice
-15.3,5.5,41.0,0.0,0.0,0.0,0.0,0.0,0.0,0.82,410.0,-4.0,Normal
-1.1,1.7189498704667683,100.0,2.832142671396155,0.46825930916332803,0.0,0.1396433588295514,0.01713201670867351,0.17442393121133493,0.555448841632319,105.0,-1.3,Ice
-0.4,1.1,100.0,0.0,3.3,0.0,0.0,1.72,0.03,0.35,110.0,-2.65,Snow
-4.6,4.6,93.0,4.0,0.3,2.0,0.0,0.22,0.19,0.23,112.0,-5.7,Snow
-6.750273838683029,1.8209863978158154,82.77757747636336,0.7265175969142614,2.386421770028974,0.0,0.10846095454745033,0.1328359702476845,0.12569745808747138,0.1315921449836241,105.0,-1.3,Ice
5.2,0.9,99.0,0.0,0.9,0.0,0.13,0.0,0.0,0.78,110.0,1.1,Rain
3.9,0.5,96.0,0.0,1.4,0.0,0.14,0.0,0.0,0.78,110.0,7.25,Rain
-2.7,3.9,100.0,4.0,0.6,7.0,0.0,0.2,0.15,0.3,110.0,-2.3,Snow
-5.112711111936588,2.3200716954016194,98.17924610353656,2.0625635986442616,3.269422732707847,0.0,0.17537628403401445,0.15759849721963926,0.03249801853991001,0.6082500981645108,213.91749694636763,-1.3,Ice
5.0,1.2,95.0,0.0,1.0,0.0,0.19,0.0,0.0,0.75,109.0,6.85,Rain
-7.7,4.7,73.0,4.0,0.0,0.0,0.0,0.0,0.0,0.82,140.0,-8.15,Snow
-5.1,6.1,85.0,4.0,1.7,1.0,0.0,0.0,0.0,0.82,110.0,-2.5500000000000003,Snow
5.0,5.9,91.0,0.0,2.0,0.0,0.86,0.0,0.0,0.62,112.0,0.5499999999999998,Rain
0.3,3.8,91.0,1.0,0.5,0.0,0.22,0.0,0.0,0.74,112.0,-1.0999999999999999,Rain
-15.8,2.9,48.0,0.0,0.0,0.0,0.0,0.0,0.0,0.82,415.0,-9.75,Normal
-5.3,4.1,90.0,4.0,0.9,16.0,0.24,0.0,0.0,0.73,110.0,-3.15,Snow
6.6,1.2,56.0,0.0,0.0,0.0,0.0,0.0,0.0,0.82,405.0,9.55,Normal
-5.5,1.8,91.0,4.0,0.4,1.0,0.0,0.05,0.24,0.15,110.0,-5.05,Snow
-6.6,4.2,66.0,4.0,0.0,0.0,0.0,0.0,0.0,0.82,112.0,-6.25,Snow
-10.9,4.9,51.0,0.0,0.0,0.0,0.0,0.0,0.0,0.82,112.0,-6.4,Normal
5.4,1.3,98.0,0.0,2.1,0.0,0.14,0.0,0.0,0.78,112.0,-0.5,Rain
-3.8,5.4,95.0,5.0,2.1,11.0,0.0,0.36,0.29,0.17,112.0,-2.0500000000000003,Snow
5.9,1.0,71.0,0.0,0.0,0.0,0.0,0.0,0.0,0.82,438.0,9.2,Normal
-6.3,3.5,91.0,4.0,1.1,1.0,0.0,0.88,0.03,0.37,110.0,-15.45,Snow
-1.3,1.3,97.0,4.0,3.5,0.0,0.1,0.07,0.11,0.69,109.0,-5.449999999999999,Ice
-5.0,6.6,76.0,4.0,0.1,3.0,0.01,0.0,0.0,0.82,110.0,-2.8499999999999996,Snow
-19.3,2.1,28.0,0.0,0.0,0.0,0.0,0.0,0.0,0.82,482.0,-5.949999999999999,Normal
-6.389468941773383,0.1,87.3858833636023,0.37501980593890216,5.096680553261936,0.0,0.0,0.14329686411901985,0.0,0.6282756964351679,143.11315730438687,-3.5620526589640527,Ice
-1.956079079084271,2.7307102007115156,100.0,0.5548542714049856,2.087019886970402,0.0,0.0,0.03472873505547007,0.05823644555962176,0.685494645241768,105.0,-7.336520492194898,Ice
4.9,6.2,97.0,0.0,1.0,0.0,0.13,0.0,0.0,0.79,110.0,0.5,Rain
-17.4,0.2,44.0,0.0,0.0,0.0,0.0,0.0,0.0,0.82,435.0,-5.9,Normal
-8.9,5.7,65.0,0.0,0.0,0.0,0.0,0.0,0.0,0.82,115.0,-2.4000000000000004,Rain
4.9,4.5,96.0,0.0,3.0,0.0,0.15,0.0,0.0,0.77,112.0,1.4,Rain
5.5,8.1,93.0,0.0,5.2,0.0,0.56,0.0,0.0,0.66,112.0,1.15,Rain
-8.321101600288102,2.931709429546731,100.0,1.8643886131905631,2.248422451913742,0.0,0.0,0.24157755058684693,0.0,0.1537793828597363,105.0,-1.3,Ice
-1.56262946817251,4.787890602838797,67.28582118679549,0.7743280166575179,3.8352891707493226,0.0,0.05320218157677835,0.28118814082447685,0.08436600723490618,0.6276813827638008,165.28440716151,-14.15,Ice
-6.686153070202488,0.1,100.0,0.060402033938488975,0.4442286465686329,0.0,0.2475190483319541,0.07142638356187334,0.0019052423897293336,0.82,105.0,-6.942688098932077,Ice
0.4,2.3,98.0,1.0,4.9,0.0,0.44,0.01,0.04,0.68,110.0,-1.65,Rain
-10.4,1.9,54.0,0.0,0.0,0.0,0.0,0.0,0.0,0.82,415.0,-4.3,Normal
-8.36819203789193,4.1390345352375295,73.56687932048075,3.235727940448637,1.8781113623882937,0.0,0.1743742645369984,0.13774696625826513,0.0,0.5210327209382031,105.0,-13.383100610271807,Ice
-6.1,1.2,81.0,4.0,0.1,1.0,0.0,0.0,0.01,0.82,112.0,-2.65,Snow
3.8,1.7,53.0,0.0,0.0,0.0,0.0,0.0,0.0,0.82,415.0,5.25,Normal
-8.3,0.9,89.0,0.0,0.0,0.0,0.0,0.0,0.0,0.82,112.0,-4.2,Normal
-10.2,0.4,77.0,0.0,0.0,0.0,0.0,0.0,0.0,0.82,415.0,-3.8,Normal
-11.0,1.0,48.0,0.0,0.0,0.0,0.0,0.0,0.0,0.82,170.0,-3.0500000000000003,Normal
-2.9,3.1,68.0,0.0,0.0,0.0,0.0,0.0,0.0,0.82,411.0,0.19999999999999996,Normal
4.4,2.9,95.0,1.0,3.6,0.0,0.37,0.0,0.0,0.69,107.0,-2.35,Rain
-4.9,1.6,69.0,0.0,0.1,0.0,0.06,0.0,0.0,0.81,112.0,-1.55,Rain
-3.3,2.9,98.0,4.0,0.7,6.0,0.19,0.13,0.19,0.64,112.0,-1.7000000000000002,Snow
-0.8,4.4,98.0,1.0,1.6,0.0,0.53,0.01,0.02,0.67,110.0,-4.2,Rain
-3.0,6.0,100.0,5.0,2.9,5.0,0.0,0.91,0.04,0.37,237.0,-3.65,Snow
5.0,1.2,98.0,0.0,0.0,0.0,0.01,0.0,0.0,0.82,150.0,8.2,Normal
3.6,0.9,97.0,0.0,0.5,0.0,0.14,0.0,0.0,0.78,110.0,1.3499999999999999,Rain
-1.1,0.1,100.0,0.06513746857167879,3.515535552600145,0.0,0.17101077518210828,0.4,0.34989118969603367,0.8066276396350425,200.0670719944215,-2.9741455810246515,Ice
-12.5,0.3,57.0,0.0,0.0,0.0,0.0,0.0,0.0,0.82,435.0,-5.65,Normal
4.7,1.0,97.0,0.0,5.0,0.0,0.54,0.0,0.0,0.66,112.0,0.8,Rain
-3.2,2.5,100.0,5.0,2.9,6.0,0.08,0.21,0.37,0.14,115.0,-1.15,Snow
-3.4,7.2,91.0,4.0,0.5,1.0,0.32,0.01,0.02,0.7,112.0,-1.7,Snow
4.8,5.1,91.0,0.0,0.2,0.0,0.29,0.0,0.0,0.71,112.0,7.3,Rain
-10.0,3.9,58.0,4.0,0.0,0.0,0.0,0.0,0.0,0.82,443.0,-8.6,Rain
1.9,1.2,61.0,0.0,0.0,0.0,0.0,0.0,0.0,0.82,110.0,5.3500000000000005,Rain
-2.1288792311050466,4.09718414296962,100.0,1.5994111147784746,0.0,0.0,0.15151927784777128,0.341112952582502,0.0,0.5317581340337422,105.0,-9.141947674830622,Ice
-2.4,1.2,68.0,0.0,0.0,0.0,0.07,0.0,0.0,0.81,109.0,0.55,Rain
-3.5298009551881657,1.3266561366075853,67.494094012786,1.3658452163528807,2.2927634639436105,0.0,0.25,0.10245909198064553,0.08015875406336388,0.6710424786343516,133.5095077867666,-5.494331542139789,Ice
-8.7,1.1,59.0,0.0,3.3,0.0,0.0,0.0,0.0,0.82,122.0,-1.9,Normal
-5.797866367217498,5.340099481673974,84.88798418896722,0.4501152566166402,0.6090141103385451,0.0,0.11721574120109522,0.1663714232682886,0.09460124907461584,0.6734052070629797,105.0,-1.3,Ice
0.9,0.4,65.0,0.0,0.0,0.0,0.0,0.0,0.0,0.82,108.0,6.3500000000000005,Rain
-14.7,1.4,68.0,0.0,0.0,0.0,0.0,0.0,0.0,0.82,107.0,-12.8,Normal
-13.8,2.8,50.0,0.0,0.2,0.0,0.0,0.0,0.0,0.82,110.0,-9.05,Snow
-6.5,2.8,76.0,4.0,0.1,1.0,0.0,0.0,0.0,0.82,275.0,-3.05,Snow
-11.7,0.7,47.0,0.0,0.0,0.0,0.0,0.0,0.0,0.82,417.0,-3.2,Normal
4.6,2.1,94.0,0.0,0.0,0.0,0.03,0.0,0.0,0.82,110.0,7.35,Rain
-4.308130685072193,1.1342190068559967,100.0,0.0,1.772245514367502,0.0,0.1052612640386617,0.00686346211853249,0.1701856229566988,0.3770882428265883,222.2332857529828,-13.316237717733223,Ice
7.2,2.3,64.0,0.0,0.0,0.0,0.0,0.0,0.0,0.82,390.0,8.6,Normal
-2.8,1.2,100.0,4.0,1.9,2.0,0.0,0.48,0.11,0.38,112.0,-5.3999999999999995,Snow
-3.7,3.0,97.0,5.0,2.2,17.0,0.0,0.29,0.22,0.21,112.0,-2.2,Snow
-2.5,2.5,100.0,5.0,2.8,6.0,0.0,0.18,0.26,0.15,110.0,-1.25,Snow
-6.6,5.0,71.0,4.0,0.4,0.0,0.08,0.0,0.0,0.81,107.0,-2.9,Snow
0.7,1.5,100.0,1.0,8.7,0.0,0.4,0.0,0.0,0.69,110.0,-2.8,Rain
5.2,1.5,84.0,0.0,0.0,0.0,0.0,0.0,0.0,0.82,110.0,8.5,Rain
5.4,2.7,87.0,0.0,0.0,0.0,0.11,0.0,0.0,0.79,112.0,2.1,Rain
-4.7,2.1,90.0,4.0,0.3,1.0,0.16,0.0,0.0,0.77,110.0,-3.4000000000000004,Snow
-9.13165358999054,1.6242583566985322,99.49578359349067,2.0055016979232483,0.0,0.0,0.1049838374187856,0.4,0.10066501866872897,0.2938797655207987,206.84056897987494,-1.3,Ice
-0.1,0.8,65.0,0.0,0.0,0.0,0.39,0.0,0.0,0.69,110.0,0.6499999999999999,Rain
5.1,0.7,92.0,0.0,0.7,0.0,0.1,0.0,0.0,0.8,112.0,7.85,Rain
-4.3,3.0,95.0,4.0,2.4,4.0,0.0,0.28,0.2,0.23,112.0,-1.95,Snow
4.6,0.6,77.0,0.0,0.0,0.0,0.0,0.0,0.0,0.82,325.0,6.25,Normal
7.7,0.9,60.0,0.0,0.0,0.0,0.0,0.0,0.0,0.82,390.0,9.55,Normal
2.1,1.8,83.0,0.0,0.0,0.0,0.18,0.0,0.0,0.76,110.0,1.9000000000000001,Rain
4.4,5.0,96.0,0.0,0.7,0.0,0.13,0.0,0.0,0.79,115.0,1.4,Rain
-10.2,0.4,56.0,0.0,0.0,0.0,0.0,0.0,0.0,0.82,412.0,-3.8,Normal
-10.4827767379883,3.666988598433031,88.68919478430134,0.0,0.0,0.0,0.04478660448153433,0.02631776620880326,0.22717269486141514,0.4939628567561981,117.55932165359708,-10.225490518909524,Ice
3.7,2.9,98.0,0.0,2.2,0.0,0.21,0.0,0.0,0.74,112.0,-4.55,Rain
5.0,0.7,86.0,0.0,0.2,0.0,0.03,0.0,0.0,0.82,112.0,7.75,Rain
-2.6,0.7,94.0,0.0,1.8,0.0,0.36,0.0,0.0,0.69,109.0,-6.25,Normal
-3.2,5.8,89.0,4.0,1.5,2.0,0.14,0.0,0.0,0.78,112.0,-0.6000000000000001,Snow
-12.4,2.7,45.0,0.0,0.0,0.0,0.0,0.0,0.0,0.82,420.0,-6.4,Normal
-16.9,0.3,34.0,0.0,0.0,0.0,0.01,0.0,0.0,0.82,422.0,-4.2,Normal
-1.1,2.315702858256373,99.1865864440881,2.5290619360211073,0.0,0.0,0.07241296509902644,0.15339777889596387,0.0,0.4725629234686839,105.0,-6.130955239184144,Ice
5.2,1.0,82.0,0.0,0.0,0.0,0.0,0.0,0.0,0.82,405.0,5.55,Normal
-6.4,2.1,73.0,0.0,0.0,0.0,0.0,0.0,0.0,0.82,414.0,-3.3499999999999996,Normal
-3.8,2.2,99.0,4.0,1.9,4.0,0.0,0.32,0.19,0.25,115.0,-6.65,Snow
-16.9,2.0,30.0,0.0,0.0,0.0,0.01,0.0,0.0,0.82,410.0,-4.1,Normal
-1.1,6.651013222624416,95.75502990628755,2.874055400253951,3.23789244659032,0.0,0.12214275959792448,0.0,0.23608772985447787,0.7909434409340352,105.0,-1.3,Ice
5.8,2.2,99.0,0.0,0.1,0.0,0.1,0.0,0.0,0.8,112.0,1.15,Rain
-8.9,2.0,62.0,0.0,0.0,0.0,0.0,0.0,0.0,0.82,245.0,-3.0500000000000003,Normal
-17.0,1.0,36.0,0.0,0.0,0.0,0.0,0.0,0.0,0.82,402.0,-6.5,Normal
-8.8,2.3,60.0,0.0,0.1,0.0,0.0,0.0,0.0,0.82,425.0,-4.0,Normal
0.7,1.1,100.0,4.0,10.3,6.0,0.47,0.03,0.07,0.67,112.0,-4.3,Rain
2.7,1.5,100.0,1.0,5.5,0.0,0.31,0.0,0.0,0.7,112.0,-1.1500000000000001,Rain
-12.2,2.4,55.0,0.0,0.0,0.0,0.0,0.0,0.0,0.82,420.0,-6.25,Normal
4.6,1.1,96.0,0.0,0.1,0.0,0.12,0.0,0.0,0.79,110.0,-1.2999999999999998,Rain
-8.6,4.4,65.0,0.0,0.0,0.0,0.0,0.0,0.0,0.82,406.0,-5.65,Normal
5.0,5.9,94.0,0.0,2.5,0.0,0.19,0.0,0.0,0.75,112.0,0.09999999999999964,Rain
4.7,2.7,89.0,0.0,0.6,0.0,0.19,0.0,0.0,0.75,112.0,6.7,Rain
-2.5982289129361544,4.627529342029204,100.0,0.7944415443507795,0.0,0.0,0.18373792709431858,0.0,0.0,0.7059566503413948,132.00431020772197,-1.3,Ice
-16.3,0.5,35.0,0.0,0.0,0.0,0.0,0.0,0.0,0.82,112.0,-5.15,Normal
-4.3,5.0,95.0,4.0,0.6,10.0,0.15,0.0,0.0,0.77,109.0,-3.3,Snow
4.0,0.4,76.0,0.0,0.0,0.0,0.0,0.0,0.0,0.82,425.0,6.300000000000001,Normal
3.7,0.5,72.0,0.0,0.0,0.0,0.0,0.0,0.0,0.82,146.0,7.1,Rain
-2.7,3.7,93.0,4.0,2.4,5.0,0.18,0.02,0.05,0.76,110.0,-1.1,Snow
5.4,1.2,99.0,0.0,3.6,0.0,0.03,0.0,0.0,0.82,107.0,0.75,Rain
-6.1,2.7,79.0,0.0,0.2,0.0,0.0,0.0,0.0,0.82,417.0,-3.7,Rain
-5.7,2.1,82.0,4.0,2.2,1.0,0.2,0.0,0.0,0.75,112.0,-2.2,Snow
-9.8,5.6,60.0,4.0,0.0,0.0,0.0,0.0,0.0,0.82,445.0,-8.25,Normal
3.5,1.0,96.0,0.0,1.9,0.0,0.03,0.0,0.0,0.82,107.0,6.199999999999999,Rain
-3.129822886281275,5.664083165143742,93.78351311628985,0.8685505019985659,4.491124558012424,0.0,0.0,0.1670327229011978,0.0837636679012213,0.35786159387815974,138.81770229970434,-2.6861113526428206,Ice
-9.7,4.1,57.0,0.0,0.0,0.0,0.0,0.0,0.0,0.82,410.0,-3.35,Normal
-4.43815578178552,3.298344772888003,62.627415473963524,0.5456356125771803,0.3802962912117769,0.0,0.11601138211700282,0.28355574180981985,0.0,0.6463408157984496,141.6170136692916,-8.742306148466344,Ice
-7.7,3.3,71.0,4.0,0.0,0.0,0.0,0.0,0.0,0.82,409.0,-6.45,Snow
-7.531893509218465,1.688976044674329,100.0,0.761154856817922,4.010119272456761,0.0,0.10455300418094773,0.24407591226606312,0.12017166242845077,0.4915652583766176,281.64240940121897,-5.528419823453007,Ice
-10.30119625724608,1.5979932576099414,78.63595719811428,0.0,0.9470392970849261,0.0,0.0,0.06342442398574645,0.07397272268281685,0.4533455763758289,105.0,-2.7588170789661848,Ice
4.7,2.4,94.0,0.0,0.0,0.0,0.03,0.0,0.0,0.82,112.0,7.949999999999999,Rain
2.3,0.5,58.0,0.0,0.0,0.0,0.01,0.0,0.0,0.82,122.0,7.45,Rain
-13.9,2.7,39.0,0.0,0.0,0.0,0.0,0.0,0.0,0.82,435.0,-5.300000000000001,Normal
-15.8,0.6,41.0,0.0,0.0,0.0,0.0,0.0,0.0,0.82,422.0,-6.3,Normal
-4.266718431206139,2.806857832385677,91.99395028041924,0.6227074253391779,0.5109409779026481,0.0,0.08639364447749096,0.04094888059956471,0.10119696070077462,0.529322119193404,153.01881471261908,-6.470174092395025,Ice
-3.5,3.9,100.0,6.0,2.6,12.0,0.0,0.74,0.05,0.37,402.0,-6.35,Snow
-2.0,4.8,97.0,5.0,3.9,4.0,0.27,0.08,0.18,0.71,110.0,-1.3499999999999999,Snow
-13.3,3.4,43.0,0.0,0.0,0.0,0.0,0.0,0.0,0.82,470.0,-5.6,Normal
2.1,1.8,98.0,1.0,2.1,0.0,0.45,0.0,0.0,0.68,157.0,-0.4500000000000002,Rain
3.5,0.3,92.0,0.0,0.0,0.0,0.02,0.0,0.0,0.82,150.0,8.2,Rain
3.9,2.0,88.0,0.0,0.0,0.0,0.0,0.0,0.0,0.82,400.0,9.65,Normal
4.1,3.1,98.0,0.0,1.9,0.0,0.15,0.0,0.0,0.77,110.0,-1.7000000000000002,Rain
-1.1,5.69249632088262,85.92967696696913,2.7791432261835154,3.171517895842694,0.0,0.2155832295859169,0.0883602636422233,0.017824324717617718,0.745023065900986,142.14558362291967,-3.764972657797144,Ice
-17.6,1.1,35.0,0.0,0.0,0.0,0.0,0.0,0.0,0.82,412.0,-4.05,Normal
-1.5955222706962884,4.672032728004943,99.39986592130018,0.12320801458185104,0.7966126368045147,0.0,0.06070484233927036,0.07714902538986808,0.12460740465138918,0.8071310147210103,105.0,-6.41775355697969,Ice
-13.1,0.2,57.0,0.0,0.3,0.0,0.0,0.0,0.0,0.82,432.0,-4.1,Normal
-0.3,2.6,95.0,1.0,2.4,0.0,0.34,0.05,0.1,0.7,115.0,-2.65,Rain
-8.7,4.0,64.0,4.0,0.0,1.0,0.0,0.0,0.0,0.82,110.0,-4.7,Snow
4.1,2.4,95.0,0.0,5.7,0.0,0.57,0.0,0.0,0.66,112.0,-2.5000000000000004,Rain
6.4,0.7,66.0,0.0,0.0,0.0,0.0,0.0,0.0,0.82,110.0,8.6,Rain
5.0,3.3,99.0,0.0,1.6,0.0,0.09,0.0,0.0,0.8,110.0,-1.1999999999999997,Rain
-8.569976397078296,0.2656009900591316,72.52245312220587,0.8204262843171005,0.0,0.0,0.0,0.11026263535204503,0.37711519062891796,0.31889258059150283,105.0,-4.68106848942409,Ice
-14.8,4.3,43.0,0.0,0.0,0.0,0.0,0.0,0.0,0.82,435.0,-3.9000000000000004,Normal
-4.6,3.4,78.0,0.0,0.0,0.0,0.03,0.0,0.0,0.82,112.0,-2.5500000000000003,Rain
6.6,2.3,76.0,0.0,0.0,0.0,0.0,0.0,0.0,0.82,406.0,8.85,Normal
-0.7,14.8,97.0,1.0,0.6,0.0,0.85,0.0,0.0,0.63,105.0,-2.5,Rain
-12.9,0.4,51.0,0.0,0.0,0.0,0.0,0.0,0.0,0.82,137.0,-4.1499999999999995,Normal
0.4,3.0,58.0,0.0,0.0,0.0,0.0,0.0,0.0,0.82,112.0,3.1500000000000004,Rain
-14.3,0.1,77.0,0.0,0.0,0.0,0.0,0.0,0.0,0.82,437.0,-5.8,Normal
-5.3,3.8,63.0,0.0,0.0,0.0,0.0,0.0,0.0,0.82,410.0,-0.7,Normal
-4.9,3.9,89.0,4.0,1.8,2.0,0.0,0.28,0.07,0.39,110.0,-2.35,Snow
4.1,1.3,76.0,0.0,0.0,0.0,0.0,0.0,0.0,0.82,410.0,8.15,Normal
1.5,1.9,93.0,1.0,0.2,0.0,0.12,0.0,0.0,0.79,112.0,0.3999999999999999,Rain
-12.5,3.1,45.0,0.0,0.0,0.0,0.0,0.0,0.0,0.82,402.0,-3.95,Normal
5.6,2.0,98.0,0.0,6.1,0.0,0.07,0.0,0.0,0.81,110.0,1.5,Rain
3.8,1.2,91.0,0.0,0.0,0.0,0.01,0.0,0.0,0.82,112.0,8.75,Rain
-7.5,2.8,60.0,0.0,0.0,0.0,0.0,0.0,0.0,0.82,417.0,-2.65,Normal
-2.7,5.1,99.0,5.0,3.2,11.0,0.0,0.46,0.1,0.38,112.0,-2.6,Snow
-1.1,1.6460608572871227,83.83504722635682,1.7896412204739005,4.044519698096445,0.0,0.0,0.17719528346106295,0.21762659590961658,0.25956204087525964,153.0220325953001,-4.86987147777785,Ice
2.7,0.8,47.0,0.0,0.0,0.0,0.0,0.0,0.0,0.82,445.0,7.25,Normal
-2.4,2.2,100.0,5.0,3.5,7.0,0.04,0.45,0.17,0.32,387.0,-3.05,Snow
4.6,0.7,94.0,0.0,0.3,0.0,0.0,0.0,0.0,0.82,110.0,8.4,Rain
-14.3,1.6,41.0,0.0,0.0,0.0,0.0,0.0,0.0,0.82,425.0,-3.5,Normal
-2.1,1.8,100.0,4.0,1.4,0.0,0.1,0.07,0.08,0.77,112.0,-2.05,Snow
-3.2,2.4,98.0,4.0,1.6,0.0,0.0,0.25,0.11,0.38,109.0,-6.5,Snow
-3.1,4.2,96.0,5.0,2.5,9.0,0.0,0.61,0.07,0.38,109.0,-3.25,Snow
-2.5,5.8,99.0,4.0,3.1,7.0,0.0,0.62,0.07,0.38,112.0,-1.45,Snow
-2.8,3.1,100.0,6.0,3.1,9.0,0.0,0.28,0.07,0.39,110.0,-3.65,Snow
-8.0,0.8,70.0,0.0,0.0,0.0,0.0,0.0,0.0,0.82,115.0,-4.05,Rain
5.3,4.1,100.0,0.0,0.5,0.0,0.23,0.0,0.0,0.73,112.0,-0.20000000000000018,Rain
-6.174265027959598,1.1915060938764501,83.71943402668441,0.8829087096198179,0.11932077995218071,0.0,0.17943032589467606,0.15664551905668817,0.033683204515257,0.25101221626010717,304.5221374547163,-6.11731541542459,Ice
-3.1,3.3,87.0,1.0,1.5,0.0,0.15,0.0,0.0,0.78,115.0,-1.35,Ice
-5.753972747859637,2.8235705895926433,68.84795831857951,1.6313881695756318,3.9833657536504106,0.0,0.008386040394214478,0.31618376841565626,0.19029017120559316,0.46835666138253307,183.7090832778938,-9.996096051131602,Ice
-17.5,2.7,29.0,0.0,1.5,0.0,0.0,0.0,0.0,0.82,112.0,-3.0999999999999996,Rain
-6.1,7.8,77.0,4.0,0.9,0.0,0.05,0.0,0.0,0.82,383.0,-2.75,Snow
-5.024064563441537,6.249928500173587,84.95739069942871,0.46075288940450143,0.0,0.0,0.15824809760934286,0.4,0.10792255689059867,0.46770777261261165,169.9455734062564,-5.926395722283534,Ice
-12.6,3.6,43.0,0.0,0.0,0.0,0.0,0.0,0.0,0.82,450.0,-5.55,Normal
-13.8,2.8,35.0,0.0,0.1,0.0,0.0,0.0,0.0,0.82,417.0,-2.75,Normal
-2.3,2.3,94.0,0.0,1.7,0.0,0.27,0.0,0.0,0.72,110.0,-1.2,Rain
-1.1,3.9,96.0,1.0,4.2,0.0,0.8,0.0,0.0,0.63,110.0,-6.65,Snow
-12.3,7.4,47.0,0.0,0.0,0.0,0.0,0.0,0.0,0.82,530.0,-4.3999999999999995,Normal
-9.1,2.1,81.0,0.0,0.0,0.0,0.0,0.0,0.0,0.82,410.0,-4.25,Normal
-3.5,6.1,88.0,4.0,1.0,1.0,0.24,0.0,0.0,0.73,115.0,-1.0,Snow
-4.382909455638795,3.565003688853805,54.20385572349537,0.0,0.0,0.0,0.16476923273081157,0.1633071620542524,0.023481063184176892,0.6047805949771358,126.34703380036592,-2.1292611256657987,Ice
-14.1,0.9,55.0,0.0,0.2,0.0,0.0,0.0,0.0,0.82,240.0,-8.7,Normal
4.6,2.2,83.0,0.0,0.0,0.0,0.0,0.0,0.0,0.82,410.0,6.65,Normal
-1.1,0.6837813023171755,72.20160686642726,0.0,0.0,0.0,0.0,0.0,0.027314618490741113,0.34426771506768516,105.0,-1.3,Ice
-5.0,3.8,89.0,4.0,1.2,2.0,0.05,0.26,0.4,0.12,110.0,-3.4499999999999997,Snow
-1.1,3.4912612241763235,65.27986555527451,1.5401666401074485,1.5905108882397931,0.0,0.0615320668831638,0.18112230184777997,0.0,0.7780419181141498,146.62928999128508,-2.310021850208215,Ice
-12.9,0.4,51.0,0.0,0.0,0.0,0.0,0.0,0.0,0.82,137.0,-4.1499999999999995,Normal
-6.2,2.0,71.0,0.0,0.0,0.0,0.0,0.0,0.0,0.82,427.0,-2.5,Normal
-1.1,3.536496773080504,68.25418451579677,0.0,0.9220351535070274,0.0,0.0,0.2642227053722533,0.0203865377571308,0.6064261307485738,117.33150125394377,-4.170310087556394,Ice
-15.5,0.9,41.0,0.0,0.0,0.0,0.0,0.0,0.0,0.82,405.0,-5.1,Normal
-4.288382507069169,6.765374949654583,78.61441026880156,0.0,1.185458562384012,0.0,0.02210767446707116,0.0,0.0,0.82,281.6690259566791,-2.2112752836660405,Ice
-5.939244453656334,0.1,78.87202423220367,0.981953522724413,3.171169752183692,0.0,0.10831258497205862,0.280468684423929,0.0,0.6581198118266299,127.92308061797566,-7.008835887476471,Ice
1.2,1.1,100.0,1.0,8.5,0.0,0.43,0.0,0.0,0.68,112.0,-5.05,Rain
-14.9,4.5,39.0,0.0,0.0,0.0,0.0,0.0,0.0,0.82,400.0,-6.550000000000001,Rain
5.7,3.8,89.0,0.0,0.0,0.0,0.03,0.0,0.0,0.82,110.0,2.05,Rain
-6.0,6.1,79.0,4.0,0.2,0.0,0.08,0.0,0.0,0.81,110.0,-2.7,Snow
-9.2,1.1,58.0,0.0,0.4,0.0,0.0,0.0,0.0,0.82,401.0,-2.35,Normal
5.3,1.0,56.0,0.0,0.0,0.0,0.0,0.0,0.0,0.82,409.0,8.75,Normal
-1.6,3.3,99.0,4.0,3.1,5.0,1.13,0.02,0.08,0.59,112.0,-5.95,Snow
-15.2,1.6,43.0,0.0,0.0,0.0,0.0,0.0,0.0,0.82,438.0,-5.75,Normal
-2.1,4.0,98.0,4.0,5.8,2.0,0.27,0.15,0.23,0.67,110.0,-1.75,Snow
3.3,2.3,68.0,0.0,0.0,0.0,0.0,0.0,0.0,0.82,420.0,6.85,Normal
-7.7,3.0,71.0,4.0,0.6,0.0,0.01,0.0,0.0,0.82,112.0,-3.7,Normal
2.3,7.5,94.0,1.0,3.7,0.0,0.78,0.0,0.0,0.63,110.0,-0.25,Rain
-2.6,3.9,90.0,1.0,0.8,0.0,0.2,0.0,0.0,0.75,110.0,-1.3,Ice
-13.37414849205582,4.49652423850482,73.70951053649621,0.0,0.0,0.0,0.12481869596104486,0.26812292205161187,0.25158965349956863,0.3432724186697914,222.56783175906622,-7.261717521916767,Ice
-15.7,0.9,44.0,0.0,0.0,0.0,0.0,0.0,0.0,0.82,447.0,-6.35,Normal
-2.873858822874482,3.0736648892186915,67.28837774809044,0.0,0.0,0.0,0.07520546369710944,0.1543002435506296,0.0,0.6042368455469482,116.55688947390556,-2.047523020608502,Ice
4.4,2.1,86.0,0.0,0.0,0.0,0.0,0.0,0.0,0.82,400.0,9.2,Normal
1.0,2.0,90.0,1.0,0.3,0.0,0.29,0.0,0.0,0.71,112.0,-1.4500000000000002,Rain
-14.2,2.5,47.0,0.0,0.0,0.0,0.0,0.0,0.0,0.82,450.0,-5.55,Normal
-14.0,2.7,44.0,0.0,0.0,0.0,0.0,0.0,0.0,0.82,440.0,-5.300000000000001,Normal
-8.5,0.4,75.0,0.0,0.0,0.0,0.0,0.0,0.0,0.82,387.0,-4.449999999999999,Normal
4.7,3.7,94.0,0.0,0.1,0.0,0.18,0.0,0.0,0.76,110.0,1.65,Rain
-16.2,1.4,31.0,0.0,0.0,0.0,0.0,0.0,0.0,0.82,495.0,-11.25,Normal
-7.7,2.4,66.0,0.0,0.0,0.0,0.0,0.0,0.0,0.82,414.0,-3.8000000000000003,Normal
2.6,0.2,59.0,0.0,0.0,0.0,0.0,0.0,0.0,0.82,135.0,5.85,Normal
-18.0,1.2,27.0,0.0,0.0,0.0,0.0,0.0,0.0,0.82,437.0,-5.6,Normal
-3.9,2.5,99.0,4.0,1.0,4.0,0.0,0.2,0.21,0.21,110.0,-5.0,Snow
-3.3,2.0,88.0,4.0,0.9,0.0,0.13,0.0,0.0,0.79,110.0,-1.65,Snow
-5.894298992894695,6.827741149430677,93.58544268175291,0.0,3.2807655780879967,0.0,0.0728086487418176,0.01914804060910004,0.05721854913795003,0.82,110.27710033337931,-5.768808966863167,Ice
-15.4,0.5,45.0,0.0,0.0,0.0,0.0,0.0,0.0,0.82,375.0,-7.45,Rain
-5.1,2.2,93.0,4.0,8.4,1.0,0.0,0.24,0.12,0.36,115.0,-3.3499999999999996,Snow
-3.3,4.2,97.0,5.0,8.3,11.0,0.11,0.11,0.19,0.4,112.0,-1.4500000000000002,Snow
-3.0,6.1,97.0,4.0,0.6,6.0,0.0,0.31,0.14,0.33,112.0,-1.3499999999999999,Snow
-3.2,2.0,97.0,4.0,1.7,5.0,0.93,0.0,0.0,0.61,110.0,-1.55,Snow
5.0,1.0,64.0,0.0,0.0,0.0,0.0,0.0,0.0,0.82,407.0,7.85,Normal
-6.029359735709177,0.7264599463603671,82.023503471445,1.2295200043223253,2.1110082999400923,0.0,0.23678189313944353,0.10721811353031069,0.0003167317863907726,0.42615732628765146,211.16647034418742,-11.614101487495986,Ice
2.0,6.4,94.0,1.0,0.2,0.0,0.17,0.0,0.0,0.76,115.0,0.75,Rain
-1.1,4.610294557357535,95.59917122703126,0.0,1.7607598881960425,0.0,0.03948821429409784,0.2659123796422029,0.0017223786612495795,0.3753134454227607,105.0,-4.758026736389012,Ice
-5.933660897402727,1.4158074746485296,100.0,0.36284685281127194,1.43991137644087,0.0,0.1372374874245623,0.25640645632233694,0.044084292665516514,0.5312199331417751,122.88987884935835,-6.457696584718449,Ice
-7.804626744267516,4.501414180237873,78.36461991551094,1.2219022968800644,0.15617115699792716,0.0,0.11238188632594506,0.12351703914357107,0.09115175681828476,0.82,202.9535466768515,-3.553511278699153,Ice
-3.1,6.2,95.0,4.0,0.0,0.0,0.0,0.87,0.08,0.37,112.0,-4.7,Snow
-6.817223999140239,3.2943341988338384,100.0,1.7332219556468167,3.2104840073155185,0.0,0.0,0.0,0.13011393213426614,0.82,105.0,-5.1392190109118925,Ice
5.2,1.4,100.0,0.0,5.1,0.0,0.14,0.0,0.0,0.78,112.0,0.8999999999999999,Rain
0.2,5.5,86.0,1.0,0.3,0.0,0.24,0.0,0.0,0.73,115.0,-1.7500000000000002,Rain
-11.149223649197326,2.6962439313524604,67.43156269994381,1.1646657556439612,0.43277410275469586,0.0,0.007192100034782989,0.18083052525848875,0.0,0.8061939424735435,180.0653466075669,-2.6727713948248844,Ice
2.1,9.4,93.0,1.0,2.0,0.0,0.59,0.0,0.0,0.66,112.0,-0.3500000000000001,Rain
-3.8,3.7,68.0,0.0,0.0,0.0,0.0,0.0,0.0,0.82,397.0,-0.45000000000000007,Normal
-3.3,5.4,96.0,5.0,2.5,11.0,0.0,0.3,0.12,0.36,112.0,-2.0500000000000003,Snow
3.1,0.7,67.0,0.0,0.0,0.0,0.01,0.0,0.0,0.82,109.0,6.5,Rain
-14.2,1.2,37.0,0.0,0.0,0.0,0.0,0.0,0.0,0.82,112.0,-3.9,Normal
4.9,1.7,89.0,0.0,0.1,0.0,0.01,0.0,0.0,0.82,110.0,7.95,Rain
-7.5,3.4,71.0,4.0,0.0,0.0,0.0,0.0,0.0,0.82,112.0,-3.1,Snow
1.5,6.3,95.0,1.0,2.6,0.0,0.25,0.0,0.0,0.73,110.0,-1.25,Rain
-14.3,3.353457802512029,92.640366460249,3.387384577867377,0.0,0.0,0.06271082739532244,0.4,0.0343009126366131,0.7223224841173926,159.69156064600375,-1.3,Ice
5.4,3.1,100.0,0.0,5.2,0.0,0.19,0.0,0.0,0.75,110.0,-0.75,Rain
-4.2,2.6,99.0,5.0,1.6,8.0,0.0,0.51,0.1,0.38,115.0,-6.6,Snow
-1.9,3.6,100.0,4.0,2.0,1.0,0.19,0.01,0.01,0.75,110.0,-2.5,Snow
2.8,3.6,96.0,1.0,0.2,0.0,0.27,0.0,0.0,0.72,110.0,0.8499999999999999,Rain
-17.1,0.3,37.0,0.0,0.0,0.0,0.0,0.0,0.0,0.82,410.0,-5.85,Normal
-6.7,1.5,74.0,0.0,0.1,0.0,0.01,0.0,0.0,0.82,112.0,-3.4000000000000004,Rain
-19.0,2.2,30.0,0.0,0.0,0.0,0.0,0.0,0.0,0.82,414.0,-15.9,Normal
3.9,2.1,62.0,0.0,0.0,0.0,0.0,0.0,0.0,0.82,404.0,6.45,Normal
-4.613530192901511,2.6920894560301565,100.0,1.2129271032363882,0.6256578312136675,0.0,0.11670859176372439,0.15141822244067385,0.0,0.82,107.59800646556936,-3.378663942763524,Ice
5.4,5.9,93.0,0.0,3.6,0.0,0.44,0.0,0.0,0.68,437.0,1.6500000000000001,Rain
-7.8,1.2,79.0,4.0,0.3,0.0,0.02,0.0,0.0,0.82,112.0,-7.05,Snow
-1.5,0.6,100.0,4.0,6.0,0.0,0.0,0.61,0.09,0.38,130.0,-6.1,Snow
4.2,3.0,86.0,0.0,0.0,0.0,0.0,0.0,0.0,0.82,405.0,10.0,Normal
-2.9,2.1,64.0,0.0,0.2,0.0,0.0,0.0,0.0,0.82,409.0,0.09999999999999987,Normal
-9.7,2.0,59.0,4.0,0.0,0.0,0.0,0.0,0.0,0.82,427.0,-8.200000000000001,Snow
-14.7,1.4,52.0,0.0,0.0,0.0,0.0,0.0,0.0,0.82,447.0,-10.049999999999999,Normal
-3.0,3.9,87.0,1.0,4.4,0.0,0.12,0.0,0.0,0.79,110.0,-1.5999999999999999,Rain
3.2,2.5,100.0,1.0,8.4,0.0,0.37,0.01,0.03,0.69,112.0,-3.6999999999999997,Rain
-1.2,6.0,93.0,1.0,1.0,0.0,0.79,0.0,0.0,0.63,112.0,-4.7,Rain
-12.7,0.6,69.0,0.0,0.0,0.0,0.0,0.0,0.0,0.82,470.0,-10.1,Normal
-5.6,5.7,72.0,4.0,0.1,0.0,0.0,0.0,0.0,0.82,115.0,-2.1500000000000004,Snow
-11.8,4.4,49.0,0.0,0.2,0.0,0.0,0.0,0.0,0.82,425.0,-8.549999999999999,Normal
-18.2,0.8,38.0,0.0,1.8,0.0,0.0,0.0,0.0,0.82,110.0,-5.300000000000001,Normal
-3.0,4.1,93.0,4.0,1.3,2.0,0.12,0.0,0.0,0.79,110.0,-0.8,Snow
-14.2,1.8,38.0,0.0,0.0,0.0,0.0,0.0,0.0,0.82,422.0,-3.5,Normal
-8.047935507951628,4.656259403134161,82.0664084889916,0.523578870004855,2.7110731686187295,0.0,0.02622236271507277,0.2867446717663023,0.12319643434067598,0.4304346044725754,241.60595324987833,-6.751122444084811,Ice
-16.6,1.3,30.0,0.0,0.0,0.0,0.0,0.0,0.0,0.82,415.0,-3.0,Normal
-0.9,2.6,80.0,0.0,0.0,0.0,0.0,0.0,0.0,0.82,110.0,-0.5,Normal
-3.8,3.4,91.0,4.0,2.8,7.0,0.07,0.07,0.17,0.38,112.0,-1.8499999999999999,Snow
-8.7,1.2,59.0,0.0,0.0,0.0,0.0,0.0,0.0,0.82,580.0,-2.75,Normal
-6.5,1.1,66.0,0.0,0.0,0.0,0.0,0.0,0.0,0.82,442.0,-2.5500000000000003,Normal
5.2,3.3,86.0,0.0,0.0,0.0,0.01,0.0,0.0,0.82,112.0,8.55,Normal
-1.1,0.1,71.1367449523497,2.304210361292652,1.738053499637043,0.0,0.03464749319218911,0.3216708048298748,0.12279236550387428,0.7430827286444526,170.6172516471513,-1.3,Ice
-5.6,3.4,71.0,4.0,0.0,0.0,0.0,0.0,0.0,0.82,503.0,-1.5499999999999998,Snow
-8.249156707324472,3.318282086688903,86.94730775124332,1.3441612145253776,2.1139344325668756,0.0,0.1225194204961016,0.018543768465011018,0.14973593904391433,0.82,174.9579389293494,-6.8638261563250484,Ice
-1.8,1.4,94.0,0.0,1.0,0.0,0.0,0.38,0.38,0.13,110.0,-3.5,Ice
-15.2,0.4,44.0,0.0,0.0,0.0,0.0,0.0,0.0,0.82,430.0,-6.15,Normal
-6.2,4.3,71.0,0.0,0.0,0.0,0.0,0.0,0.0,0.82,415.0,-2.4499999999999997,Normal
2.4,2.8,95.0,1.0,0.4,0.0,0.3,0.0,0.0,0.71,112.0,0.34999999999999987,Rain
-12.5,0.8,44.0,0.0,0.0,0.0,0.0,0.0,0.0,0.82,432.0,-3.55,Normal
-2.2,0.7,68.0,0.0,0.3,0.0,0.0,0.0,0.0,0.82,420.0,0.09999999999999987,Normal
-4.9,4.8,91.0,4.0,2.2,4.0,0.34,0.0,0.0,0.7,115.0,-1.8,Snow
-4.8,2.9,91.0,4.0,0.4,7.0,0.38,0.02,0.06,0.69,110.0,-3.05,Snow
-15.9,5.8,38.0,0.0,0.0,0.0,0.0,0.0,0.0,0.82,443.0,-3.9,Normal
-5.529949786003746,3.9032157265741425,82.58353545846784,0.0,2.3233105256367503,0.0,0.0,0.18227660154390213,0.29460410101599255,0.6576818642618774,138.02741604992528,-2.7094034400678675,Ice
-6.355576820347732,4.0815085059067195,59.351411955731564,0.5617466529016203,2.1111443761289714,0.0,0.11585401496945205,0.27428727384224016,0.0,0.13,105.0,-14.15,Ice
-3.3,1.6,69.0,0.0,0.0,0.0,0.0,0.0,0.0,0.82,400.0,-0.3500000000000001,Normal
-2.837487756332613,6.127730454733433,92.7863939255785,0.0,2.9318826238758238,0.0,0.25,0.007098406359128034,0.38,0.82,105.0,-2.2040998105847125,Ice
4.9,3.9,100.0,0.0,0.5,0.0,0.23,0.0,0.0,0.73,112.0,-0.20000000000000018,Rain
-15.4,0.9,38.0,0.0,0.0,0.0,0.0,0.0,0.0,0.82,110.0,-4.35,Rain
-1.5,4.1,97.0,4.0,9.8,1.0,0.24,0.0,0.01,0.73,112.0,-1.8499999999999999,Snow
-5.073205721922553,4.716662929572067,99.49103499736728,0.558868288215808,1.9223822645807442,0.0,0.09256545596377191,0.13723349269292556,0.0,0.3797301690410596,105.0,-6.69219184347515,Ice
-3.9371076458229948,4.937058430415967,84.01423607935092,1.1687332064542204,3.3619313758938207,0.0,0.18453935972662944,0.04723253545085256,0.18958485358331523,0.2576487258301343,109.57971941612242,-8.05599446066186,Ice
4.7,2.4,98.0,0.0,1.9,0.0,0.15,0.0,0.0,0.78,110.0,-1.4000000000000004,Rain
-7.9,1.0,72.0,0.0,0.0,0.0,0.0,0.0,0.0,0.82,437.0,-3.35,Normal
-5.7639712966069565,1.065302544299278,56.2952961492798,0.0,2.0782435326069413,0.0,0.07555173945522357,0.01950262249176349,0.2806435992994844,0.82,115.30331433534269,-7.487274142055706,Ice
-10.8,3.9,47.0,0.0,0.0,0.0,0.0,0.0,0.0,0.82,405.0,-3.6999999999999997,Rain
-15.3,4.6,38.0,0.0,0.0,0.0,0.0,0.0,0.0,0.82,482.0,-7.35,Normal
-3.3,2.5,65.0,0.0,0.0,0.0,0.0,0.0,0.0,0.82,397.0,0.0,Normal
-5.3,5.3,87.0,4.0,0.7,0.0,0.0,0.27,0.21,0.22,112.0,-4.1,Snow
-7.8,2.5,69.0,4.0,0.1,0.0,0.0,0.0,0.0,0.82,410.0,-3.05,Rain
-15.1,0.8,37.0,0.0,0.0,0.0,0.0,0.0,0.0,0.82,460.0,-5.1000000000000005,Normal
-7.5,3.6,59.0,0.0,0.0,0.0,0.0,0.0,0.0,0.82,112.0,-2.5,Rain
-3.2074500766336578,7.0609623196983335,86.79114056460263,0.8139735876020668,2.0189206957636388,0.0,0.0,0.3461610566815211,0.044911726575348566,0.7771045118999701,177.26110450084286,-10.92599875700354,Ice
-2.1,1.9,67.0,0.0,0.0,0.0,0.0,0.0,0.0,0.82,415.0,0.7,Normal
-5.4,7.3,79.0,4.0,0.2,0.0,0.25,0.0,0.0,0.72,110.0,-1.7999999999999998,Snow
-11.6,3.5,56.0,0.0,0.0,0.0,0.0,0.0,0.0,0.82,437.0,-4.3500000000000005,Normal
5.2,4.4,90.0,0.0,0.0,0.0,0.06,0.0,0.0,0.81,112.0,0.19999999999999973,Rain
-3.7,7.2,85.0,1.0,1.0,0.0,0.25,0.0,0.0,0.72,112.0,-1.8,Ice
2.4,2.2,94.0,0.0,3.6,0.0,0.05,0.0,0.0,0.82,110.0,5.5,Rain
5.5,3.7,98.0,0.0,0.5,0.0,0.04,0.0,0.0,0.82,112.0,-1.25,Rain
-6.9,1.4,50.0,0.0,0.1,0.0,0.0,0.0,0.0,0.82,430.0,-0.19999999999999996,Normal
-16.5,0.7,42.0,0.0,0.4,0.0,0.0,0.0,0.0,0.82,110.0,-4.7,Normal
-28.3,0.7,75.0,0.0,0.0,0.0,0.0,0.0,0.0,0.82,430.0,-20.4,Normal
-2.3,1.4,99.0,5.0,1.9,20.0,0.0,1.15,0.05,0.37,112.0,-5.7,Snow
0.8,0.4,100.0,0.0,0.8,0.0,0.22,0.0,0.0,0.74,109.0,-0.5999999999999999,Rain
1.9,2.3,98.0,1.0,7.2,0.0,0.27,0.0,0.0,0.72,112.0,-4.9,Rain
-15.9,1.6,40.0,0.0,0.0,0.0,0.0,0.0,0.0,0.82,407.0,-4.95,Normal
-3.7488099772104215,0.35416226435209053,73.45513301842297,0.7988646063430886,4.015051986804349,0.0,0.0,0.1262035939611476,0.11583346626297027,0.7812155022648392,133.0848505329408,-4.9348423525056635,Ice
6.3,2.3,56.0,0.0,0.0,0.0,0.0,0.0,0.0,0.82,392.0,10.3,Normal
-1.7,3.8,80.0,1.0,0.0,0.0,0.03,0.0,0.0,0.82,115.0,-2.4499999999999997,Rain
-7.9,3.8,68.0,4.0,0.8,0.0,0.0,0.0,0.0,0.82,437.0,-3.1,Snow
-5.1,6.6,86.0,4.0,1.6,1.0,0.23,0.49,0.13,0.5,110.0,-1.4000000000000001,Snow
-3.607476626228916,4.831769767327668,100.0,3.071379102494859,0.9229419811943192,0.0,0.0,0.4,0.1496997830608452,0.5818619331309904,105.0,-3.011552772131075,Ice
-17.3,0.8,42.0,0.0,0.0,0.0,0.0,0.0,0.0,0.82,422.0,-10.25,Normal
4.8,1.8,96.0,0.0,2.1,0.0,0.15,0.0,0.0,0.77,110.0,1.45,Rain
1.5,0.7,95.0,1.0,0.2,0.0,0.12,0.0,0.0,0.79,110.0,0.7,Rain
-5.7411978572514615,1.6922264760567343,83.63276224013188,1.7628993156799937,3.896694583006197,0.0,0.011277202014537739,0.3438730115786018,0.10955404969680527,0.25754823626441475,105.0,-2.063807355832972,Ice
-3.4348732296296336,4.278069884143491,63.01883416019045,2.757717568665443,0.28350428917899895,0.0,0.1550334209204705,0.2229679963152891,0.30680621828880406,0.33249834018850966,167.34608752270532,-5.984631387640078,Ice
-9.3,0.8,58.0,0.0,0.0,0.0,0.0,0.0,0.0,0.82,417.0,-3.7,Normal
5.0,2.1,98.0,0.0,0.7,0.0,0.25,0.0,0.0,0.72,110.0,1.65,Rain
5.6,2.9,95.0,0.0,5.8,0.0,0.37,0.0,0.0,0.69,112.0,0.10000000000000009,Rain
-2.7,2.3,100.0,6.0,2.0,5.0,0.0,0.99,0.05,0.37,110.0,-3.5,Snow
-10.5,4.9,55.0,0.0,0.0,0.0,0.0,0.0,0.0,0.82,420.0,-7.949999999999999,Normal
-1.1,0.5165247631520296,100.0,3.2920122556935896,5.2336946742968875,0.0,0.12581162672046736,0.3290437061343122,0.03577895422240801,0.5587569461476816,214.4828565598987,-8.047068494797838,Ice
3.2,0.3,79.0,0.0,0.0,0.0,0.0,0.0,0.0,0.82,411.0,6.800000000000001,Normal
-5.7,3.7,86.0,4.0,0.9,9.0,0.13,0.01,0.01,0.78,112.0,-3.3,Snow
7.7,1.4,83.0,0.0,0.0,0.0,0.0,0.0,0.0,0.82,395.0,9.850000000000001,Rain
-4.6,2.8,95.0,5.0,0.4,4.0,0.0,0.23,0.1,0.41,112.0,-3.4,Snow
-2.6,2.4,78.0,0.0,0.0,0.0,0.08,0.0,0.0,0.81,427.0,-1.05,Rain
-5.5,4.4,87.0,4.0,0.7,0.0,0.0,0.17,0.15,0.31,117.0,-2.5500000000000003,Snow
-4.8,4.3,89.0,4.0,1.5,2.0,0.0,0.34,0.15,0.33,487.0,-2.15,Snow
-9.2,2.6,62.0,0.0,0.0,0.0,0.0,0.0,0.0,0.82,410.0,-3.95,Normal
-2.0,4.6,99.0,4.0,3.1,1.0,0.05,0.13,0.18,0.26,112.0,-2.35,Snow
-3.2,3.8,97.0,5.0,2.5,11.0,0.0,0.8,0.07,0.37,112.0,-4.3,Snow
-4.3,2.9,93.0,4.0,5.2,2.0,0.46,0.02,0.05,0.67,115.0,-2.5500000000000003,Snow
-3.7811810000269785,3.608601280007427,91.64384024907777,0.0,2.0460409104355968,0.0,0.09503214554487116,0.0,0.0,0.82,234.65524445055306,-5.020013181522926,Ice
-3.2,3.8,98.0,5.0,2.8,14.0,0.0,1.3,0.02,0.36,110.0,-1.75,Snow
-8.9,4.5,61.0,4.0,0.0,0.0,0.0,0.0,0.0,0.82,420.0,-3.1,Snow
-12.3,1.9,44.0,0.0,0.0,0.0,0.0,0.0,0.0,0.82,400.0,-6.25,Normal
3.5,1.7,52.0,0.0,0.0,0.0,0.01,0.0,0.0,0.82,112.0,8.450000000000001,Rain
-17.1,2.2,37.0,0.0,0.0,0.0,0.0,0.0,0.0,0.82,437.0,-6.25,Normal
-5.5,4.3,72.0,4.0,0.1,1.0,0.0,0.0,0.0,0.82,107.0,-2.3000000000000003,Snow
-18.6,2.0,34.0,0.0,0.0,0.0,0.0,0.0,0.0,0.82,415.0,-6.5,Normal
-16.4,0.7,32.0,0.0,0.0,0.0,0.0,0.0,0.0,0.82,110.0,-4.35,Rain
2.4,1.6,100.0,1.0,5.1,0.0,0.85,0.0,0.0,0.63,112.0,-5.1499999999999995,Rain
4.0,1.3,96.0,0.0,0.5,0.0,0.14,0.0,0.0,0.78,110.0,1.3499999999999999,Rain
-12.9,1.5,40.0,0.0,0.0,0.0,0.0,0.0,0.0,0.82,430.0,-2.9,Normal
-4.531545248260466,6.600883453244535,100.0,1.2478455723411817,2.274811967111849,0.0,0.0,0.012017891458507873,0.18462065255688426,0.6759844309832425,149.14356155833931,-6.0260254417607495,Ice
-17.3,0.6,37.0,0.0,0.0,0.0,0.0,0.0,0.0,0.82,417.0,-6.8,Normal
-3.9486933189892772,3.965033213935271,100.0,0.6196201864319173,0.18893851072576773,0.0,0.04043503794111838,0.0,0.17053685608195995,0.2769445858025377,105.0,-1.3,Ice
-7.819442387069143,4.993216383294877,71.45807498026386,1.0489227415529025,0.0,0.0,0.24205435409828524,0.29719615832015084,0.0,0.6034100870875755,246.81429635881312,-5.597780805441696,Ice
5.8,0.9,100.0,0.0,9.8,0.0,0.16,0.0,0.0,0.77,112.0,1.3000000000000003,Rain
-3.2,3.9,98.0,6.0,6.8,29.0,0.0,0.3,0.24,0.2,112.0,-1.4500000000000002,Snow
4.8,1.1,96.0,0.0,0.2,0.0,0.13,0.0,0.0,0.78,110.0,1.95,Rain
-3.9,3.2,93.0,5.0,1.8,4.0,0.54,0.02,0.07,0.66,145.0,-1.55,Snow
-5.7,2.7,87.0,4.0,0.3,0.0,0.0,0.13,0.16,0.27,112.0,-2.0,Snow
-1.1,2.5446702370370735,100.0,2.3692204010128872,2.589755121846673,0.0,0.14904774718567676,0.3423622435942842,0.37004325452137626,0.13,327.72276210065047,-11.387439860343095,Ice
5.6,0.7,91.0,0.0,0.0,0.0,0.0,0.0,0.0,0.82,110.0,9.55,Rain
-3.6,3.0,95.0,4.0,2.9,4.0,0.4,0.1,0.13,0.68,112.0,-3.45,Snow
-15.6,5.4,40.0,0.0,0.0,0.0,0.0,0.0,0.0,0.82,435.0,-4.1,Normal
-6.3,6.2,79.0,4.0,0.2,1.0,0.06,0.0,0.0,0.81,112.0,-2.95,Snow
-3.8,2.2,94.0,4.0,2.3,2.0,0.0,0.34,0.18,0.28,110.0,-3.15,Snow
-3.1,6.2,97.0,4.0,0.8,3.0,0.0,0.48,0.15,0.34,110.0,-4.7,Snow
0.6,4.2,89.0,1.0,0.3,0.0,0.33,0.0,0.0,0.7,115.0,-1.0500000000000003,Rain
2.8,0.2,78.0,0.0,0.0,0.0,0.0,0.0,0.0,0.82,420.0,6.25,Normal
4.1,2.4,98.0,0.0,0.7,0.0,0.11,0.0,0.0,0.8,107.0,1.6,Rain
6.2,1.3,64.0,0.0,0.0,0.0,0.0,0.0,0.0,0.82,412.0,9.75,Normal
-7.1,7.3,74.0,4.0,0.0,0.0,0.0,0.0,0.0,0.82,452.0,-3.1,Snow
-4.1,1.6,96.0,5.0,2.9,8.0,0.0,0.5,0.11,0.38,110.0,-3.5,Snow
-3.3540533118189853,0.1,100.0,0.14380358580472652,2.931616447416245,0.0,0.12691936138236193,0.0,0.1262404328885215,0.7308965490481435,105.0,-5.336695094363965,Ice
4.9,1.8,95.0,0.0,0.1,0.0,0.1,0.0,0.0,0.8,115.0,2.0,Rain
-16.1,2.1,43.0,0.0,0.0,0.0,0.0,0.0,0.0,0.82,412.0,-6.6,Rain
5.2,3.6,91.0,0.0,0.0,0.0,0.3,0.0,0.0,0.71,112.0,1.5,Rain
-11.6,5.6,53.0,0.0,0.0,0.0,0.07,0.0,0.0,0.81,107.0,-10.85,Normal
-7.8,2.0,73.0,4.0,0.1,2.0,0.0,0.0,0.0,0.82,110.0,-6.6499999999999995,Snow
-18.3,3.2,28.0,0.0,0.0,0.0,0.0,0.0,0.0,0.82,425.0,-9.399999999999999,Normal
4.3,1.2,98.0,0.0,0.2,0.0,0.08,0.0,0.0,0.81,112.0,1.7500000000000002,Rain
6.2,7.4,96.0,0.0,3.6,0.0,0.2,0.0,0.0,0.75,112.0,1.1,Rain
-3.5,2.7,99.0,5.0,1.0,3.0,0.0,0.42,0.13,0.36,112.0,-2.35,Snow
-2.9,2.0,100.0,4.0,0.3,2.0,0.0,0.14,0.12,0.38,112.0,-1.65,Snow
8.1,1.1,72.0,0.0,0.0,0.0,0.0,0.0,0.0,0.82,420.0,8.8,Normal
-18.6,0.2,34.0,0.0,0.0,0.0,0.0,0.0,0.0,0.82,405.0,-5.9,Normal
-6.131862963853332,4.328061334278858,73.95462377607193,1.548334286417734,1.927679130143605,0.0,0.004482067686385774,0.0,0.24707722617757208,0.6758440141211812,191.56226461851284,-4.863232103938388,Ice
-1.5,1.7,100.0,4.0,6.6,2.0,0.28,0.0,0.01,0.71,110.0,-2.45,Snow
0.2,3.0,99.0,2.0,3.9,0.0,0.97,0.02,0.08,0.61,112.0,-6.1,Snow
-5.4464183415055825,0.1,74.64288724872485,0.0,3.913908793451194,0.0,0.04971367552525275,0.03089456225130037,0.0,0.13860333510773565,105.0,-3.9880824512008948,Ice
-4.6,1.1,69.0,0.0,0.0,0.0,0.01,0.0,0.0,0.82,112.0,-1.2999999999999998,Rain
-3.1,4.0,89.0,4.0,2.5,9.0,0.29,0.0,0.0,0.71,112.0,-1.2000000000000002,Snow
3.2,1.6,62.0,0.0,0.0,0.0,0.0,0.0,0.0,0.82,450.0,7.45,Normal
-5.1,2.0,90.0,4.0,0.7,0.0,0.0,0.16,0.15,0.3,107.0,-2.5,Snow
0.0,2.5,100.0,4.0,1.7,9.0,2.86,0.0,0.0,0.32,110.0,-3.3999999999999995,Rain
-8.8,2.8,60.0,0.0,0.0,0.0,0.0,0.0,0.0,0.82,405.0,-3.5,Normal
4.3,6.6,87.0,0.0,6.8,0.0,0.48,0.0,0.0,0.67,110.0,1.5,Rain
3.7,3.0,99.0,0.0,4.3,0.0,0.0,0.0,0.0,0.82,115.0,-3.6000000000000005,Rain
-5.3,3.2,89.0,4.0,0.4,2.0,0.21,0.0,0.0,0.74,112.0,-3.55,Snow
2.7,0.3,100.0,0.0,1.8,0.0,0.29,0.0,0.0,0.71,112.0,6.95,Rain
-17.3,1.6,32.0,0.0,0.0,0.0,0.0,0.0,0.0,0.82,133.0,-4.6,Normal
-19.6,2.0,26.0,0.0,0.0,0.0,0.0,0.0,0.0,0.82,633.0,-13.6,Normal
-25.0,1.3,70.0,0.0,0.0,0.0,0.0,0.0,0.0,0.82,110.0,-17.55,Snow
4.9,4.2,99.0,0.0,3.5,0.0,0.41,0.0,0.0,0.68,110.0,-3.6999999999999997,Rain
0.6,0.5,100.0,1.0,2.8,0.0,0.33,0.0,0.0,0.7,110.0,-2.6999999999999997,Rain
-4.8,3.9,92.0,4.0,1.5,20.0,0.0,0.66,0.04,0.38,110.0,-1.95,Snow
-2.4,4.1,97.0,4.0,0.6,3.0,0.0,0.14,0.27,0.15,110.0,-0.75,Snow
-4.5,3.3,89.0,4.0,3.1,3.0,0.0,0.17,0.29,0.14,112.0,-2.6,Snow
-3.6,7.2,91.0,4.0,1.9,5.0,0.0,0.2,0.24,0.17,110.0,-1.25,Snow
3.7,6.9,82.0,0.0,11.1,0.0,0.18,0.0,0.0,0.76,110.0,1.0500000000000003,Rain
-8.8,5.6,62.0,0.0,0.0,0.0,0.0,0.0,0.0,0.82,405.0,-4.5,Normal
3.7,1.3,100.0,0.0,0.9,0.0,0.42,0.0,0.0,0.68,112.0,-4.449999999999999,Rain
3.7,0.7,100.0,0.0,5.3,0.0,0.22,0.0,0.0,0.74,110.0,6.2,Rain
-16.9,2.8,33.0,0.0,0.0,0.0,0.0,0.0,0.0,0.82,435.0,-7.05,Normal
-1.1,0.2994645220828329,95.5315881755244,3.3442685777060515,4.093508586044731,0.0,0.01774264790701137,0.10977960310740112,0.18928641570439225,0.37183608196979256,105.0,-1.3,Ice
4.0,2.3,100.0,1.0,8.5,0.0,0.18,0.0,0.0,0.76,110.0,-2.75,Rain
-2.0,1.0,66.0,0.0,0.0,0.0,0.08,0.0,0.0,0.81,112.0,0.8500000000000001,Rain
3.6,1.4,61.0,0.0,0.0,0.0,0.0,0.0,0.0,0.82,390.0,5.2,Normal
5.7,5.2,92.0,0.0,0.0,0.0,0.04,0.0,0.0,0.82,110.0,1.0500000000000003,Rain
4.4,1.7,98.0,0.0,6.6,0.0,0.36,0.0,0.0,0.69,110.0,-2.4499999999999997,Rain
-10.380601697926572,0.1,79.49440659113098,2.101635290957656,0.0,0.0,0.07914897120151282,0.10949793408250019,0.13883236616205155,0.22138675939749825,129.15250367078767,-6.3420349132145395,Ice
-5.1,3.9,91.0,4.0,0.3,0.0,0.0,0.26,0.22,0.2,112.0,-3.15,Snow
-5.410853059937545,3.095819643213838,91.50905305666262,0.8892995587115015,3.5925568858213053,0.0,0.011450657179093958,0.07396670932390353,0.02375367967857854,0.5283381846428982,105.0,-1.3,Ice
4.1,0.9,95.0,0.0,0.0,0.0,0.0,0.0,0.0,0.82,110.0,6.199999999999999,Rain
-5.3,5.0,86.0,4.0,1.5,2.0,0.23,0.0,0.0,0.73,112.0,-2.25,Snow
6.8,0.4,81.0,0.0,0.0,0.0,0.01,0.0,0.0,0.82,140.0,9.45,Rain
6.6,2.2,57.0,0.0,0.0,0.0,0.0,0.0,0.0,0.82,390.0,10.15,Normal
-7.0,4.8,75.0,4.0,0.6,0.0,0.0,0.07,0.08,0.51,430.0,-3.35,Snow
-6.3,6.2,78.0,4.0,0.8,1.0,0.14,0.0,0.0,0.78,112.0,-2.75,Snow
-7.7,3.3,71.0,4.0,0.0,0.0,0.0,0.0,0.0,0.82,411.0,-4.75,Snow
-1.1,0.9158525692016157,85.75554827580216,0.13887727652687998,1.1800630532936496,0.0,0.06164756785297867,0.09797087965655944,0.05717823092375395,0.82,197.12518977696504,-12.471195905765118,Ice
1.2,5.9,91.0,1.0,0.2,0.0,0.24,0.0,0.0,0.73,110.0,-0.8999999999999999,Rain
-4.2,3.2,86.0,4.0,6.5,3.0,0.28,0.0,0.0,0.72,112.0,-1.1,Rain
-3.3,4.3,100.0,5.0,4.1,16.0,0.0,0.21,0.1,0.42,110.0,-3.1500000000000004,Snow
-3.8,2.3,97.0,4.0,0.8,3.0,0.03,0.1,0.12,0.37,112.0,-4.6,Snow
-5.3694150853387,2.856712596211753,77.98744229583922,1.734089445588205,1.7979507121096292,0.0,0.183385381019191,0.0,0.1246938199324788,0.44908411690387734,204.0044575244354,-8.89126978256019,Ice
5.4,4.4,96.0,0.0,4.0,0.0,0.46,0.0,0.0,0.68,112.0,-2.1500000000000004,Rain
-6.7,2.7,69.0,0.0,0.0,0.0,0.0,0.0,0.0,0.82,177.0,-3.25,Normal
-7.1,5.9,73.0,4.0,0.1,0.0,0.0,0.0,0.0,0.82,117.0,-2.75,Snow
-20.4,0.3,34.0,0.0,0.0,0.0,0.0,0.0,0.0,0.82,503.0,-9.75,Normal
-5.2,2.7,68.0,0.0,0.0,0.0,0.0,0.0,0.0,0.82,392.0,-2.0500000000000003,Rain
-5.841311034930366,0.37948385196259116,96.26340403301361,1.775566566957786,0.48269771542925244,0.0,0.09259831230948543,0.18891012057058315,0.0,0.1658744044373574,105.0,-7.6590564650708455,Ice
-13.7,1.0,66.0,0.0,0.0,0.0,0.0,0.0,0.0,0.82,415.0,-10.95,Normal
-5.3396745081688355,7.143629041981017,96.18162884628106,0.0,1.9422463986046579,0.0,0.0,0.12891789500519316,0.2258635643384044,0.46192710686196836,116.92351034034448,-4.136112618481878,Ice
-15.6,2.7,33.0,0.0,0.0,0.0,0.0,0.0,0.0,0.82,442.0,-5.75,Normal
-7.9,1.4,63.0,0.0,3.3,0.0,0.0,0.0,0.0,0.82,122.0,-1.9,Normal
-8.8,2.6,58.0,0.0,0.1,0.0,0.0,0.0,0.0,0.82,475.0,-3.25,Normal
1.3,0.4,97.0,0.0,0.4,0.0,0.0,0.0,0.0,0.82,110.0,4.2,Rain
3.8,1.4,77.0,0.0,0.0,0.0,0.0,0.0,0.0,0.82,404.0,6.1000000000000005,Normal
-2.9,5.5,96.0,4.0,2.4,5.0,0.0,0.42,0.14,0.34,110.0,-3.3,Snow
5.2,6.4,99.0,0.0,1.8,0.0,0.14,0.0,0.0,0.78,112.0,-0.8500000000000001,Rain
-5.784830054494716,4.5545453848515525,78.58487890515259,0.0,2.952575013991315,0.0,0.07989370178269645,0.0,0.17162095105282493,0.82,105.0,-5.7810355128817825,Ice
-5.0836299461683225,0.9593525901496716,81.29425001401972,0.7703811069409207,1.916998214834622,0.0,0.11219238659090408,0.21243296130322453,0.0,0.82,252.97213631455003,-1.3,Ice
-2.9,2.5,98.0,5.0,3.2,9.0,0.0,0.62,0.09,0.38,112.0,-3.1999999999999997,Snow
-15.4,0.4,75.0,0.0,0.0,0.0,0.0,0.0,0.0,0.82,410.0,-6.8,Normal
1.4,1.4,93.0,1.0,0.8,0.0,0.18,0.0,0.0,0.76,110.0,-0.44999999999999996,Rain
-11.768931923436151,4.425899753329329,70.97607808669869,0.9156094213055052,2.060360971263221,0.0,0.013206937825246956,0.13939604085604335,0.028788255658567338,0.82,190.2891897843242,-10.60280797933294,Ice
-11.273791665800097,1.869903510677003,100.0,2.731297937616243,2.262127707237185,0.0,0.09518468440131488,0.14207559678115453,0.0,0.6142633270432148,201.32117417461092,-1.3,Ice
-14.1,0.9,47.0,0.0,0.0,0.0,0.0,0.0,0.0,0.82,445.0,-7.6,Normal
-2.3149629261450184,4.985100315984769,92.14332194849044,0.0,2.028164311300904,0.0,0.1556058700434737,0.16019486844923767,0.16773187761971292,0.82,134.30323189484383,-1.3,Ice
-12.3,1.0,50.0,0.0,0.0,0.0,0.0,0.0,0.0,0.82,425.0,-6.1,Normal
-15.1,0.7,35.0,0.0,0.0,0.0,0.0,0.0,0.0,0.82,435.0,-3.6500000000000004,Normal
4.9,3.3,98.0,0.0,6.6,0.0,0.32,0.0,0.0,0.7,112.0,0.20000000000000018,Rain
-9.413216143938442,3.0745971552284512,77.67083690350726,1.2098278871874295,5.6445426325096495,0.0,0.09015246205775834,0.0,0.09994384328394916,0.2840112087388971,200.59170078142907,-5.785614069520759,Ice
-5.269445005291959,6.926635497034232,80.37111114095443,1.4644836787145297,0.7882360000116209,0.0,0.125474980343861,0.08912309989001038,0.15559739703901437,0.283893231444184,105.0,-7.375145523041209,Ice
3.6,3.0,100.0,0.0,1.3,0.0,0.16,0.0,0.0,0.77,112.0,6.35,Rain
-4.0,2.8,98.0,5.0,1.3,15.0,0.0,0.21,0.2,0.22,112.0,-3.0999999999999996,Snow
-17.5,2.7,29.0,0.0,1.5,0.0,0.0,0.0,0.0,0.82,112.0,-3.0999999999999996,Rain
0.2,2.7,69.0,0.0,0.0,0.0,0.02,0.0,0.0,0.82,109.0,1.8000000000000003,Rain
3.0,1.9,51.0,0.0,0.0,0.0,0.0,0.0,0.0,0.82,112.0,5.65,Rain
5.3,1.6,100.0,0.0,4.9,0.0,0.33,0.0,0.0,0.7,112.0,-3.2500000000000004,Rain
-12.5,3.1,45.0,0.0,0.0,0.0,0.0,0.0,0.0,0.82,402.0,-3.95,Normal
-3.9,2.2,94.0,4.0,1.1,5.0,0.15,0.01,0.01,0.77,112.0,-1.95,Snow
5.7,3.7,100.0,0.0,8.5,0.0,0.17,0.0,0.0,0.76,112.0,-3.4,Rain
-7.505828683829315,4.010100220639055,76.90028499434354,0.5501416636837382,2.723054924162211,0.0,0.032207834516096406,0.4,0.17239929606295173,0.13,122.58990820160241,-1.317381932683654,Ice
5.6,4.4,99.0,1.0,5.2,0.0,0.48,0.0,0.0,0.67,110.0,1.2499999999999998,Rain
-15.5,0.3,81.0,0.0,0.0,0.0,0.0,0.0,0.0,0.82,435.0,-7.1000000000000005,Normal
-6.9,6.3,81.0,4.0,0.1,4.0,0.02,0.0,0.0,0.82,112.0,-4.05,Snow
4.7,2.6,99.0,0.0,7.5,0.0,0.24,0.0,0.0,0.73,115.0,-1.15,Rain
-14.4,0.7,64.0,0.0,0.0,0.0,0.0,0.0,0.0,0.82,422.0,-4.95,Normal
-14.0,0.9,38.0,0.0,0.0,0.0,0.0,0.0,0.0,0.82,427.0,-3.3499999999999996,Normal
-3.4546189182696585,3.507968293767414,100.0,1.039244635867374,0.0,0.0,0.0,0.0,0.1998817104724568,0.13,181.76887800152895,-7.572533733014767,Ice
-3.6,6.1,99.0,4.0,0.7,5.0,0.0,0.26,0.19,0.24,112.0,-2.25,Snow
5.5,3.6,98.0,0.0,3.9,0.0,0.2,0.0,0.0,0.75,112.0,0.2999999999999998,Rain
-0.7,3.2,87.0,0.0,0.0,0.0,0.0,0.0,0.0,0.82,422.0,-0.15000000000000013,Normal
-6.2,7.8,73.0,4.0,0.0,0.0,0.0,0.0,0.0,0.82,430.0,-1.25,Snow
-9.437520036298139,1.2922489064273965,100.0,0.002853603628521828,0.0,0.0,0.17028093283515752,0.19938032561619645,0.0,0.5042352488653146,218.77083602703965,-4.734275618771951,Ice
-16.0,0.9,38.0,0.0,0.0,0.0,0.0,0.0,0.0,0.82,443.0,-4.3500000000000005,Normal
-3.9423899420367863,4.574997213404815,89.82252702813517,0.5009822370166528,0.8976940998683179,0.0,0.16643662216803531,0.28298683607881425,0.0,0.6029000547560726,230.21080422336107,-6.0408197444816745,Ice
-1.1,2.0,100.0,4.0,3.5,0.0,0.0,0.16,0.24,0.17,115.0,-6.6000000000000005,Rain
0.6,1.7,100.0,1.0,4.4,0.0,0.37,0.01,0.01,0.69,110.0,-2.45,Rain
-14.9,0.7,45.0,0.0,0.1,0.0,0.0,0.0,0.0,0.82,455.0,-7.800000000000001,Normal
-5.6,1.7,63.0,0.0,0.0,0.0,0.0,0.0,0.0,0.82,415.0,-1.2000000000000002,Normal
-2.4,5.1,96.0,5.0,6.0,9.0,0.06,0.08,0.1,0.5,112.0,-1.2,Snow
-3.2900817612007325,0.3046115093496482,83.97540089027832,4.0,0.664359551561567,0.0,0.0,0.21351868722129969,0.1176325283297933,0.13,156.4542784191146,-2.7965501852882877,Ice
-3.2,5.7,100.0,5.0,1.8,12.0,0.0,0.4,0.1,0.38,410.0,-2.25,Snow
5.1,0.6,90.0,0.0,0.0,0.0,0.02,0.0,0.0,0.82,112.0,9.15,Rain
-11.6,1.0,64.0,0.0,0.0,0.0,0.0,0.0,0.0,0.82,437.0,-11.3,Normal
-5.5,2.8,87.0,4.0,0.7,2.0,0.13,0.0,0.0,0.78,112.0,-3.0,Snow
5.1,2.2,95.0,0.0,0.1,0.0,0.04,0.0,0.0,0.82,470.0,1.4499999999999997,Normal
-13.2,0.4,69.0,0.0,0.1,0.0,0.0,0.0,0.0,0.82,414.0,-5.05,Normal
-4.9,6.7,92.0,4.0,0.4,5.0,0.0,0.23,0.12,0.36,112.0,-2.35,Snow
-1.6,1.6,99.0,4.0,1.2,2.0,0.02,0.16,0.25,0.16,112.0,-6.3,Snow
-9.0,1.7,66.0,0.0,0.0,0.0,0.0,0.0,0.0,0.82,425.0,-3.6,Normal
-1.9,2.3,96.0,5.0,5.6,7.0,0.4,0.02,0.08,0.68,503.0,-0.25,Snow
4.6,2.1,76.0,0.0,0.0,0.0,0.0,0.0,0.0,0.82,480.0,9.3,Normal
-3.6,2.6,94.0,4.0,10.3,1.0,0.2,0.0,0.0,0.75,112.0,-1.6500000000000001,Snow
-4.6,3.4,92.0,4.0,0.6,4.0,0.14,0.06,0.06,0.78,115.0,-2.3,Snow
-5.397101134561075,3.267051578522055,89.85770585772669,0.0,3.9902810124969346,0.0,0.0707172993158426,0.28847334324924584,0.21518724969492495,0.82,251.6458418051841,-8.03068221669972,Ice
-7.441210727259254,1.4043270901158722,89.99967937121905,1.1641468658605147,1.9581769231000832,0.0,0.07221895025229987,0.019478757950837686,0.0,0.3396010734388718,105.0,-9.353483585231523,Ice
-3.6,3.5,93.0,5.0,4.6,32.0,0.0,1.08,0.04,0.37,107.0,-4.2,Snow
-8.052938263558861,2.175203821778612,88.5344458641313,1.3922457702657502,0.0,0.0,0.11357651618850734,0.1605880578977539,0.15441878676040208,0.3672726887294879,176.51592168494489,-1.3,Ice
-6.7,5.0,77.0,4.0,0.0,0.0,0.01,0.0,0.0,0.82,105.0,-4.6499999999999995,Snow
-5.503637063838191,6.505842455333342,82.66716260333875,1.2962657778509286,0.0,0.0,0.16575570125621675,0.094162154096943,0.059352201527728674,0.25095140844453595,230.6033634525852,-1.3,Ice
-9.568256643043567,0.1,100.0,0.99395430215946,1.0986622427368826,0.0,0.0,0.1673488756972807,0.18506737095560508,0.695685823505757,133.4853157690352,-2.4506502862588158,Ice
-10.754318958834519,3.652486635317716,59.735744514956934,0.0,0.0,0.0,0.2063601826053097,0.01653467350708221,0.0,0.2191347235225335,172.24745236148777,-1.8297390169250503,Ice
-3.3,1.6,97.0,5.0,4.8,4.0,0.75,0.0,0.0,0.64,112.0,-1.2,Snow
-13.13251887096873,1.1559492685321178,100.0,1.4659797635555136,2.0712114174476577,0.0,0.10117369264695744,0.0,0.0,0.7206689960742515,122.21175230845304,-2.847116761210035,Ice
-15.7,1.5,54.0,0.0,0.0,0.0,0.0,0.0,0.0,0.82,490.0,-8.0,Normal
-1.9,2.4,97.0,4.0,2.1,2.0,0.27,0.0,0.0,0.72,107.0,-0.6499999999999999,Snow
4.4,0.5,73.0,0.0,0.0,0.0,0.0,0.0,0.0,0.82,420.0,7.1,Normal
1.4,4.7,90.0,1.0,0.1,0.0,0.06,0.0,0.0,0.81,110.0,-0.6000000000000001,Rain
-4.6,3.9,80.0,4.0,0.2,2.0,0.15,0.0,0.0,0.78,112.0,-2.1,Snow
4.9,1.8,97.0,0.0,2.2,0.0,0.15,0.0,0.0,0.77,110.0,1.4499999999999997,Rain
5.2,2.5,100.0,0.0,0.1,0.0,0.13,0.0,0.0,0.78,110.0,1.2000000000000002,Rain
-17.2,1.0,47.0,0.0,0.0,0.0,0.0,0.0,0.0,0.82,110.0,-17.0,Snow
-14.7,1.4,52.0,0.0,0.0,0.0,0.0,0.0,0.0,0.82,447.0,-10.049999999999999,Normal
2.5,3.2,92.0,0.0,2.4,0.0,0.0,0.0,0.0,0.82,112.0,5.35,Rain
-14.2,0.4,43.0,0.0,0.0,0.0,0.0,0.0,0.0,0.82,187.0,-4.6000000000000005,Normal
1.9,0.4,76.0,0.0,0.0,0.0,0.02,0.0,0.0,0.82,112.0,5.85,Rain
-10.1,7.0,57.0,0.0,0.0,0.0,0.0,0.09,0.1,0.41,107.0,-10.85,Rain
-3.5344240576661905,2.9981114959705573,85.80621780664708,1.8235070167418683,3.3235323339272265,0.0,0.2382753774214414,0.0,0.32451856924719635,0.6850276063179292,105.0,-8.673161516000798,Ice
0.3,0.8,85.0,0.0,0.0,0.0,0.0,0.0,0.0,0.82,140.0,-0.09999999999999987,Normal
-3.7,1.3,99.0,4.0,1.6,3.0,0.0,0.16,0.09,0.45,112.0,-2.65,Snow
-2.5987284243293693,0.3114792811540381,98.39071387977009,1.5407426316799495,3.6830473113970603,0.0,0.0,0.13367462713166964,0.335231964214861,0.6158884600262278,200.6155566143412,-8.333607066407996,Ice
-8.5,2.1,61.0,0.0,0.0,0.0,0.0,0.0,0.0,0.82,467.0,-2.45,Normal
-1.5,2.8,71.0,0.0,0.0,0.0,0.01,0.0,0.0,0.82,112.0,0.2999999999999998,Rain
-1.1,7.2,96.4764830929889,0.9877710633487987,0.6536422743653371,0.0,0.25,0.06618935026861307,0.045348100907635684,0.8043468678367803,173.63017348419083,-2.8508169377382178,Ice
-3.7295142491579725,3.746735209950726,75.15075335113477,0.7278399912602125,0.39363006647402976,0.0,0.24665484163711732,0.4,0.0,0.82,105.0,-7.178161924501641,Ice
-2.6716992992778814,4.46412167277105,71.28464406791439,1.5481065950488704,1.2184842632781578,0.0,0.09710034765218281,0.3243214219785983,0.10056696624211212,0.5914191630151975,144.27380460590112,-7.993177529539958,Ice
7.9,1.7,67.0,0.0,0.1,0.0,0.0,0.0,0.0,0.82,395.0,8.55,Normal
-3.4,4.6,99.0,5.0,2.8,4.0,0.0,0.08,0.75,0.1,440.0,-3.65,Snow
3.6,0.7,88.0,0.0,0.2,0.0,0.15,0.0,0.0,0.78,112.0,6.9,Rain
4.9,3.5,97.0,0.0,1.3,0.0,0.4,0.0,0.0,0.69,412.0,-0.20000000000000018,Rain
4.6,0.5,100.0,0.0,0.8,0.0,0.21,0.0,0.0,0.74,112.0,7.4,Rain
-17.6,0.7,33.0,0.0,0.0,0.0,0.0,0.0,0.0,0.82,406.0,-5.8500000000000005,Normal
-13.4,0.8,66.0,0.0,0.0,0.0,0.0,0.0,0.0,0.82,461.0,-10.1,Normal
4.3,4.2,98.0,0.0,4.0,0.0,0.21,0.0,0.0,0.74,112.0,-3.1,Rain
-9.198651562830502,2.3991103721347504,100.0,0.0,1.1301016056585307,0.0,0.25,0.022887449729776604,0.022106767539426045,0.4583725693270974,105.0,-3.7413883158321433,Ice
-1.1,1.2322421008461881,94.37639824733162,1.3612984176270175,3.5887722372186532,0.0,0.1794428361217215,0.0,0.0,0.6514634744125563,124.76051148055747,-5.557518924016964,Ice
-6.2,3.4,78.0,0.0,0.5,0.0,0.0,0.0,0.0,0.82,357.0,-3.45,Normal
-2.5,3.4,100.0,4.0,1.5,3.0,0.0,0.23,0.2,0.22,110.0,-2.3,Snow
-7.7,5.6,69.0,0.0,0.2,0.0,0.0,0.0,0.0,0.82,125.0,-2.8499999999999996,Normal
6.6,1.3,56.0,0.0,0.0,0.0,0.0,0.0,0.0,0.82,110.0,9.15,Rain
-1.1,2.4027244333656985,69.71934733431416,2.794812529791736,0.0,0.0,0.18134281425281137,0.04262370496293935,0.2667243566393523,0.7207886953722091,266.7207852690274,-10.764821731391415,Ice
-12.8,1.6,40.0,0.0,0.6,0.0,0.0,0.0,0.0,0.82,495.0,-2.9000000000000004,Normal
-17.9,0.3,85.0,0.0,0.0,0.0,0.0,0.0,0.0,0.82,107.0,-11.35,Normal
-2.0,3.6,98.0,4.0,5.1,2.0,0.2,0.0,0.0,0.75,112.0,-2.1,Snow
-19.1,0.2,31.0,0.0,0.0,0.0,0.0,0.0,0.0,0.82,424.0,-5.7,Normal
-6.275375678551831,0.1,77.93136118307393,0.39956770776993866,2.798992015708621,0.0,0.045094353848643465,0.07628110301811958,0.35470230871560604,0.7633491683916317,105.0,-13.074726397181617,Ice
0.6,1.2,55.0,0.0,0.0,0.0,0.0,0.0,0.0,0.82,422.0,7.1000000000000005,Normal
-2.9,3.6,99.0,4.0,3.4,5.0,0.0,0.17,0.21,0.2,112.0,-7.25,Snow
4.4,1.2,75.0,0.0,0.0,0.0,0.0,0.0,0.0,0.82,110.0,9.200000000000001,Rain
4.1,3.7,96.0,0.0,3.1,0.0,0.84,0.0,0.0,0.63,112.0,-1.8499999999999996,Rain
-3.2,2.6,71.0,0.0,0.0,0.0,0.0,0.0,0.0,0.82,480.0,-0.44999999999999996,Normal
-6.6,1.2,57.0,0.0,0.0,0.0,0.07,0.0,0.0,0.81,110.0,-1.85,Rain
6.0,2.3,100.0,0.0,1.3,0.0,0.15,0.0,0.0,0.78,110.0,-0.25,Rain
-3.688608407220924,0.1,72.89477566389776,0.4034813268868316,0.030923105241386528,0.0,0.03545916607158411,0.09625865452055533,0.11004699826124124,0.7469456592917805,105.0,-9.9134059075162,Ice
-4.629667547513668,3.905906207198097,69.92373002068113,0.42392253008384273,5.377720528411707,0.0,0.24748666597991753,0.09634675719062875,0.12110855672313123,0.24300690090048888,171.67573988085107,-1.3,Ice
3.9,2.9,85.0,0.0,0.0,0.0,0.0,0.0,0.0,0.82,400.0,2.35,Normal
-5.91909218298153,1.5387798841076399,75.69456716254803,2.2793621885728292,5.259783257098676,0.0,0.04803493269111818,0.4,0.0,0.7943414892712867,304.01391940201296,-7.394131231056818,Ice
-3.9,4.9,95.0,6.0,5.8,31.0,0.0,0.28,0.17,0.28,475.0,-2.1999999999999997,Snow
-5.0,2.0,80.0,4.0,0.0,6.0,0.06,0.0,0.0,0.81,109.0,-6.75,Snow
-14.3,0.4,44.0,0.0,0.1,0.0,0.0,0.0,0.0,0.82,400.0,-5.05,Normal
-15.7,2.7,42.0,0.0,0.0,0.0,0.0,0.0,0.0,0.82,435.0,-7.05,Normal
-6.8,7.1,80.0,4.0,0.5,0.0,0.21,0.0,0.0,0.74,110.0,-3.1,Snow
6.9,0.9,83.0,0.0,2.9,0.0,0.0,0.0,0.0,0.82,110.0,9.55,Rain
-7.448596882779691,5.9460223809643145,91.19331678425169,1.2482295338494636,1.8829359796042557,0.0,0.03453027431249939,0.331189416414499,0.04150045202809052,0.5424480000424932,306.7182132836057,-1.3,Ice
-7.1,3.2,78.0,4.0,0.2,1.0,0.12,0.0,0.0,0.79,112.0,-3.0,Snow
5.6,2.0,49.0,0.0,0.0,0.0,0.0,0.0,0.0,0.82,402.0,9.25,Normal
4.4,3.7,99.0,0.0,4.0,0.0,0.49,0.0,0.0,0.67,112.0,-2.7,Rain
3.0,0.3,75.0,0.0,0.0,0.0,0.0,0.0,0.0,0.82,404.0,6.55,Normal
-5.0,4.5,88.0,4.0,0.4,2.0,0.0,0.29,0.08,0.39,110.0,-2.25,Snow
-16.1,0.6,40.0,0.0,0.0,0.0,0.0,0.0,0.0,0.82,437.0,-5.4,Normal
-14.5,4.1,41.0,0.0,0.0,0.0,0.0,0.0,0.0,0.82,452.0,-3.9499999999999997,Normal
-4.8,3.8,91.0,4.0,0.6,2.0,0.0,0.22,0.19,0.23,112.0,-4.65,Snow
-14.4,3.0,48.0,0.0,0.0,0.0,0.0,0.0,0.0,0.82,115.0,-6.4,Normal
2.9,1.1,67.0,0.0,0.0,0.0,0.0,0.0,0.0,0.82,510.0,7.1,Normal
1.4,1.3,98.0,1.0,2.1,0.0,0.28,0.0,0.0,0.72,112.0,-0.5,Rain
-16.1,5.2,34.0,0.0,0.0,0.0,0.0,0.0,0.0,0.82,180.0,-7.75,Normal
-6.2623948322427605,0.1,79.78670419830057,2.789167184097034,0.0,0.0,0.14407499527352555,0.23651372721597452,0.14381811893631471,0.48608951828211794,105.0,-4.790284285760144,Ice
-2.5,1.2,96.0,4.0,1.9,0.0,0.05,0.06,0.16,0.31,109.0,-6.25,Rain
-9.1,3.1,60.0,4.0,0.0,0.0,0.0,0.0,0.0,0.82,395.0,-6.2,Snow
-4.3,3.9,95.0,4.0,0.8,3.0,0.0,1.0,0.04,0.37,112.0,-6.7,Snow
-6.5,6.0,84.0,4.0,0.3,5.0,0.0,0.06,0.1,0.41,110.0,-3.15,Snow
-6.316017937467388,1.6236295302742143,67.57592399005131,1.1928564890492548,0.0,0.0,0.07585631932737162,0.008469447473159503,0.14819099291559754,0.7719900151414125,105.0,-11.67394924863115,Ice
5.4,2.2,96.0,0.0,0.5,0.0,0.24,0.0,0.0,0.73,112.0,6.9,Rain
6.2,1.5,53.0,0.0,0.0,0.0,0.0,0.0,0.0,0.82,402.0,8.95,Normal
-2.4385870735924082,4.110614379569103,89.97593503849129,0.0,2.4620651670017066,0.0,0.06249992415447518,0.11623256870098124,0.0,0.6200045259571068,213.45967012300204,-8.553766574827943,Ice
-6.6,1.0,68.0,0.0,0.0,0.0,0.01,0.0,0.0,0.82,169.0,-3.25,Normal
-2.8,5.2,98.0,4.0,3.2,1.0,0.13,0.09,0.1,0.75,109.0,-3.5,Snow
-10.114404136439655,4.99072005188045,89.95635064102797,0.0,3.834189373824344,0.0,0.14016916360352213,0.1315145663413462,0.06549477962449614,0.13,105.0,-3.810555370780744,Ice
-2.2,1.4,98.0,4.0,7.2,0.0,0.19,0.0,0.0,0.75,112.0,-0.8499999999999999,Snow
1.4,1.3,66.0,0.0,0.0,0.0,0.0,0.0,0.0,0.82,397.0,6.5,Normal
-3.3,6.3,91.0,5.0,2.8,42.0,0.0,0.51,0.05,0.38,110.0,-1.6,Snow
-6.8,3.7,70.0,4.0,0.1,0.0,0.01,0.0,0.0,0.82,110.0,-2.6,Snow
4.8,5.2,85.0,0.0,10.7,0.0,0.14,0.0,0.0,0.78,110.0,2.15,Rain
-8.010351512935628,3.8121281366224764,100.0,0.0,0.2513353129513891,0.0,0.17310697540461767,0.22870764487899686,0.106988808915573,0.82,141.5862044632614,-4.853514229014097,Ice
-0.2,1.7,89.0,0.0,0.0,0.0,0.01,0.0,0.0,0.82,415.0,0.19999999999999996,Normal
-16.9,1.6,42.0,0.0,0.0,0.0,0.0,0.0,0.0,0.82,112.0,-8.0,Normal
-5.4,3.8,88.0,4.0,0.1,1.0,0.07,0.04,0.08,0.75,112.0,-6.6,Snow
-3.1015120162595213,3.3807949562742294,85.30416176233875,1.387733696010459,1.0164973795493526,0.0,0.20626406028721694,0.1863301682096293,0.0,0.13,186.3140639326973,-2.8847814129227642,Ice
-16.4,0.7,32.0,0.0,0.0,0.0,0.0,0.0,0.0,0.82,110.0,-4.35,Rain
0.0,0.7,100.0,1.0,6.2,0.0,0.11,0.08,0.09,0.75,110.0,-2.0,Snow
2.5,0.7,53.0,0.0,0.0,0.0,0.0,0.0,0.0,0.82,395.0,6.5,Normal
-1.9,7.0,97.0,4.0,5.2,3.0,0.0,0.24,0.27,0.16,110.0,-2.7,Snow
5.2,3.4,95.0,0.0,0.0,0.0,0.0,0.0,0.0,0.82,112.0,7.0,Rain
5.9,2.6,98.0,0.0,0.0,0.0,0.07,0.0,0.0,0.81,109.0,1.1,Rain
3.2,0.4,98.0,0.0,2.5,0.0,0.13,0.0,0.0,0.78,112.0,0.95,Rain
-18.3,2.7,28.0,0.0,0.0,0.0,0.0,0.0,0.0,0.82,419.0,-12.450000000000001,Normal
-4.4,4.1,92.0,4.0,0.5,4.0,0.06,0.04,0.06,0.78,112.0,-3.3000000000000003,Snow
4.5,7.2,100.0,0.0,0.4,0.0,0.07,0.0,0.0,0.81,112.0,-1.0500000000000003,Rain
-2.4,2.3,70.0,0.0,0.0,0.0,0.14,0.0,0.0,0.78,112.0,0.25,Rain
-5.3,3.3,93.0,6.0,3.9,24.0,0.0,0.19,0.04,0.43,112.0,-2.9,Snow
-3.2,4.6,95.0,5.0,2.7,15.0,0.0,0.29,0.11,0.39,109.0,-6.9,Snow
-15.4,0.7,37.0,0.0,0.0,0.0,0.0,0.0,0.0,0.82,435.0,-7.3999999999999995,Normal
4.0,1.9,61.0,0.0,0.0,0.0,0.0,0.0,0.0,0.82,465.0,5.3,Normal
-1.1,1.2002524085748494,91.6466064194757,0.5827206941166916,2.795949757825759,0.0,0.0,0.1948060620899031,0.22896770226715013,0.82,169.65210078725215,-6.967678610280286,Ice
-15.1,0.8,37.0,0.0,0.0,0.0,0.0,0.0,0.0,0.82,460.0,-5.1000000000000005,Normal
1.8,0.5,47.0,0.0,0.0,0.0,0.0,0.0,0.0,0.82,415.0,8.65,Normal
4.6,1.2,89.0,0.0,0.0,0.0,0.0,0.0,0.0,0.82,417.0,8.65,Normal
5.7,3.1,95.0,0.0,17.2,0.0,0.23,0.0,0.0,0.74,112.0,0.3999999999999999,Rain
-12.472610996743088,3.977360157984269,84.89570340148592,0.12395875665730549,2.420484540626253,0.0,0.04635268173058507,0.0828322084700231,0.09639447290532818,0.660549769338154,105.0,-3.193338161720688,Ice
-0.6,3.2,98.0,4.0,1.2,3.0,0.75,0.0,0.0,0.64,112.0,-4.45,Snow
-17.3,0.6,30.0,0.0,0.0,0.0,0.0,0.0,0.0,0.82,425.0,-4.15,Normal
2.1,0.5,99.0,0.0,4.9,0.0,0.01,0.0,0.0,0.82,412.0,5.3,Normal
8.4,0.5,69.0,0.0,0.0,0.0,0.0,0.0,0.0,0.82,110.0,10.35,Rain
-3.7951681618062088,7.2,100.0,2.4664796426042006,0.0,0.0,0.09758360314273197,0.07679684152306246,0.35192033419077484,0.7837239781293447,244.9178143549315,-1.3,Ice
2.0,3.3,97.0,0.0,0.0,0.0,0.0,0.0,0.0,0.82,110.0,1.05,Rain
7.1,0.5,63.0,0.0,0.0,0.0,0.0,0.0,0.0,0.82,130.0,8.9,Rain
-16.1,0.7,34.0,0.0,0.0,0.0,0.0,0.0,0.0,0.82,440.0,-5.949999999999999,Normal
4.7,3.4,98.0,0.0,1.1,0.0,0.21,0.0,0.0,0.74,112.0,1.1,Rain
4.2,1.5,99.0,0.0,0.5,0.0,0.17,0.0,0.0,0.76,110.0,1.1,Rain
-2.5,3.4,100.0,5.0,6.4,14.0,0.0,0.93,0.05,0.37,120.0,-2.0,Snow
-1.1,3.0009742954685708,99.99557739877164,0.0,1.0636210889675461,0.0,0.029391853405416724,0.22272027946842304,0.2873025300461187,0.29803073657084495,105.0,-6.190497696402463,Ice
-2.853351405178067,0.1,92.58834211841679,1.9414534335646478,2.0820247762578337,0.0,0.16771738096420574,0.15678617118151425,0.13060331870340702,0.5960646513053606,124.0175947989607,-3.166934344283092,Ice
4.0,6.7,96.0,0.0,0.9,0.0,0.42,0.0,0.0,0.68,115.0,-1.4500000000000002,Rain
-6.3,2.2,78.0,4.0,0.0,1.0,0.0,0.0,0.0,0.82,110.0,-6.6,Snow
-8.240738085133543,3.9314565848728327,100.0,0.0,0.0,0.0,0.1359679196571672,0.06525808740897912,0.2751855138502093,0.20103243999331394,210.15821944623082,-7.520675063967511,Ice
-10.8,0.9,51.0,0.0,0.0,0.0,0.0,0.0,0.0,0.82,112.0,-4.85,Rain
-1.1,2.469033638380476,92.71949132889753,1.3777795344308446,1.2850422941922461,0.0,0.04853303003767294,0.0928108186208998,0.19288736869403494,0.82,105.0,-2.445870716082485,Ice
-9.3,3.5,60.0,0.0,0.0,0.0,0.0,0.0,0.0,0.82,448.0,-6.25,Normal
-9.1,5.1,66.0,4.0,0.0,1.0,0.0,0.0,0.0,0.82,490.0,-3.3000000000000003,Snow
7.8,1.7,68.0,0.0,0.0,0.0,0.0,0.0,0.0,0.82,482.0,8.0,Normal
-3.2,2.2,95.0,4.0,2.3,0.0,0.18,0.0,0.0,0.76,112.0,-3.55,Snow
-5.1,6.2,83.0,4.0,0.2,0.0,0.25,0.0,0.0,0.73,110.0,-1.7999999999999998,Snow
1.3,3.3,95.0,1.0,3.4,0.0,0.55,0.0,0.0,0.66,112.0,-2.0,Rain
-14.8,0.4,64.0,0.0,0.0,0.0,0.0,0.0,0.0,0.82,117.0,-5.5,Normal
2.2,0.4,92.0,0.0,0.6,0.0,0.0,0.0,0.0,0.82,112.0,4.95,Rain
-10.2,3.9,63.0,4.0,0.0,0.0,0.0,0.0,0.0,0.82,112.0,-3.25,Snow
-14.6,3.4,42.0,0.0,0.0,0.0,0.0,0.0,0.0,0.82,435.0,-5.4,Normal
-15.0,3.3,70.0,0.0,0.0,0.0,0.0,0.0,0.0,0.82,422.0,-10.4,Normal
4.2,5.5,84.0,0.0,4.6,0.0,0.33,0.0,0.0,0.7,112.0,1.3000000000000003,Rain
-5.411561130300122,3.621916923922841,100.0,1.8394610913745355,1.1858593253055498,0.0,0.0,0.12304690812236468,0.17007438728699978,0.26215906889832147,105.0,-1.3,Ice
4.6,4.9,85.0,0.0,4.1,0.0,0.11,0.0,0.0,0.79,112.0,2.15,Rain
-6.8094226749699205,1.4801766601855806,98.1168496288782,0.0,4.258750384478393,0.0,0.0,0.13317473733582888,0.19431112990611513,0.6680385374786967,116.23584626652298,-8.138940170199708,Ice
-3.5,5.0,94.0,5.0,3.7,11.0,0.0,0.19,0.3,0.14,110.0,-1.0999999999999999,Snow
1.5,1.8,46.0,0.0,0.0,0.0,0.0,0.0,0.0,0.82,335.0,6.65,Normal
-3.0,2.6,100.0,6.0,5.7,31.0,0.0,1.02,0.05,0.37,402.0,-3.35,Snow
-7.417440908322611,0.788283879563398,83.91648833314719,0.8438723466466553,0.9623922654341934,0.0,0.0086204411404786,0.2376832046044549,0.1117566641488095,0.6096848939340703,105.0,-4.209941971118836,Ice
4.8,3.8,84.0,0.0,0.0,0.0,0.01,0.0,0.0,0.82,112.0,2.0500000000000003,Rain
-0.7,0.7,100.0,4.0,6.4,4.0,0.0,0.71,0.09,0.37,115.0,-5.699999999999999,Snow
-3.9,4.7,93.0,5.0,4.0,20.0,0.0,0.48,0.14,0.35,110.0,-2.25,Snow
1.3,1.4,90.0,1.0,0.2,0.0,0.1,0.0,0.0,0.8,110.0,-0.04999999999999982,Rain
4.0,1.6,96.0,0.0,0.0,0.0,0.01,0.0,0.0,0.82,112.0,4.65,Rain
4.6,2.4,92.0,0.0,0.0,0.0,0.0,0.0,0.0,0.82,115.0,8.049999999999999,Rain
-1.5,2.0,79.0,0.0,0.0,0.0,0.0,0.0,0.0,0.82,242.0,-2.5999999999999996,Normal
-9.023269699005088,4.676302785439282,97.02814243267208,2.5545012665422875,0.0,0.0,0.24539536354623148,0.0,0.08685331493115545,0.5813190634735911,206.68903047884277,-4.979766765020615,Ice
3.9,5.3,96.0,1.0,0.3,0.0,0.1,0.0,0.0,0.8,112.0,0.5499999999999998,Rain
0.2,1.4,92.0,0.0,0.0,0.0,0.0,0.0,0.0,0.82,110.0,0.55,Normal
-4.360061334034055,3.5546712315489644,73.77014349638522,2.605500142970379,2.592617871594367,0.0,0.0,0.0,0.0,0.36588019346884826,201.09758879757396,-6.091927592068835,Ice
-1.6,2.8,100.0,4.0,4.4,5.0,0.0,0.18,0.27,0.15,112.0,-2.0,Snow
-9.572938944591748,4.469473532086708,84.75697587654606,0.0,0.0,0.0,0.1256983368047191,0.17880804649023324,0.0,0.5361589277576374,297.74126061487937,-1.3,Ice
-1.1,1.8825470098926895,67.72642932136365,0.0,2.170562209056125,0.0,0.0,0.08354344270648806,0.1716450617044532,0.82,139.5617762866977,-5.101710998749857,Ice
-3.4,1.9,95.0,4.0,6.2,3.0,0.56,0.0,0.0,0.66,112.0,-1.65,Snow
-1.7,1.2,72.0,4.0,0.3,2.0,0.01,0.0,0.0,0.82,120.0,0.5,Rain
-5.7,1.9,88.0,4.0,0.1,1.0,0.18,0.0,0.0,0.76,112.0,-8.2,Snow
2.0,7.3,97.0,1.0,1.2,0.0,0.24,0.0,0.0,0.73,112.0,-1.0,Rain
-1.1,0.49285634823423896,93.36945158904895,0.9046382950047742,0.0,0.0,0.0,0.0,0.01631556740472731,0.28163188040936404,280.37674414332264,-5.573484734492466,Ice
-5.820783538163248,4.683217511072995,98.84604290596673,2.5850895257611928,3.2164161801183595,0.0,0.23648673258909042,0.20149150358997528,0.13666464819010993,0.3152410966579138,105.0,-1.3,Ice
-12.7,0.6,69.0,0.0,0.0,0.0,0.0,0.0,0.0,0.82,470.0,-10.1,Normal
-3.7,1.8,89.0,4.0,2.3,2.0,0.39,0.0,0.0,0.69,110.0,-0.7499999999999999,Snow
-2.7,5.6,93.0,4.0,1.1,3.0,0.29,0.0,0.01,0.71,112.0,-0.7,Snow
-5.1,2.0,57.0,0.0,0.0,0.0,0.0,0.0,0.0,0.82,115.0,-0.10000000000000009,Rain
-9.7,2.1,56.0,0.0,0.0,0.0,0.0,0.0,0.0,0.82,110.0,-6.3999999999999995,Rain
-5.4,4.0,84.0,4.0,0.4,1.0,0.2,0.0,0.0,0.75,487.0,-2.0500000000000003,Snow
3.1,0.3,78.0,0.0,0.0,0.0,0.0,0.0,0.0,0.82,397.0,5.15,Normal
5.1,6.8,94.0,1.0,6.8,0.0,0.57,0.0,0.0,0.66,110.0,1.25,Rain
-11.9,6.4,45.0,0.0,0.0,0.0,0.0,0.0,0.0,0.82,115.0,-4.9,Normal
-9.0,3.2,65.0,4.0,0.1,1.0,0.0,0.0,0.0,0.82,112.0,-7.45,Snow
-15.5,1.2,35.0,0.0,0.0,0.0,0.0,0.0,0.0,0.82,497.0,-11.1,Normal
-3.4,3.3,100.0,4.0,2.2,3.0,0.0,0.23,0.33,0.13,110.0,-3.7,Snow
-10.0,1.8,55.0,0.0,0.3,0.0,0.0,0.0,0.0,0.82,410.0,-3.45,Normal
-3.972211533937233,0.19124730230976006,95.53287094242009,1.1856030816219878,0.23986226778525555,0.0,0.11852668666662458,0.1281632663530397,0.0,0.24678891666679897,105.0,-5.382839760107828,Ice
-4.9,4.6,93.0,5.0,3.5,17.0,0.0,0.88,0.03,0.37,110.0,-2.05,Snow
-5.9,3.2,74.0,4.0,0.1,0.0,0.0,0.0,0.0,0.82,420.0,-2.9,Rain
0.6,1.2,100.0,2.0,9.7,0.0,0.74,0.0,0.0,0.64,110.0,-2.8,Rain
-15.8,0.6,41.0,0.0,0.0,0.0,0.0,0.0,0.0,0.82,422.0,-6.3,Normal
-17.9,0.2,35.0,0.0,0.3,0.0,0.0,0.0,0.0,0.82,570.0,-5.7,Normal
-9.3,2.8,61.0,0.0,0.0,0.0,0.0,0.0,0.0,0.82,405.0,-3.65,Normal
-16.9,2.0,30.0,0.0,0.0,0.0,0.01,0.0,0.0,0.82,410.0,-4.1,Normal
5.2,3.0,91.0,0.0,0.0,0.0,0.03,0.0,0.0,0.82,112.0,2.0500000000000003,Rain
-5.2,3.0,91.0,5.0,0.7,5.0,0.0,0.18,0.11,0.38,110.0,-2.65,Snow
-3.8,4.7,86.0,4.0,2.9,0.0,0.17,0.0,0.0,0.76,110.0,-1.5499999999999998,Snow
-7.3,2.6,55.0,0.0,0.0,0.0,0.0,0.0,0.0,0.82,415.0,-3.4499999999999997,Normal
2.6,0.2,77.0,0.0,0.0,0.0,0.0,0.0,0.0,0.82,115.0,6.25,Normal
-13.7,2.0,57.0,0.0,0.0,0.0,0.0,0.0,0.0,0.82,400.0,-7.4,Normal
-0.2,1.7,58.0,0.0,0.0,0.0,0.0,0.0,0.0,0.82,112.0,4.15,Rain
-10.7,0.2,58.0,0.0,0.0,0.0,0.0,0.0,0.0,0.82,417.0,-3.8999999999999995,Normal
1.0,1.5,100.0,1.0,4.0,0.0,0.44,0.0,0.0,0.68,112.0,-4.55,Rain
-0.6,3.5,89.0,0.0,0.0,0.0,0.0,0.0,0.0,0.82,402.0,-0.20000000000000018,Normal
-17.4,3.9,45.0,0.0,0.0,0.0,0.0,0.0,0.0,0.82,417.0,-18.4,Normal
-4.3,2.4,67.0,0.0,0.0,0.0,0.0,0.0,0.0,0.82,445.0,-0.9000000000000001,Normal
-4.350279395078317,2.03164168987818,100.0,0.49773756442120565,1.1757474855902679,0.0,0.0867737511914553,0.34588820090383343,0.17824547722033118,0.13,105.0,-1.3,Ice
-6.84834169209106,2.6597770402034318,75.185822810255,1.9619777258808346,0.5107263126990502,0.0,0.014150810008093533,0.08961186976115826,0.1168920587403392,0.13,105.0,-3.339714416973111,Ice
-3.8,3.1,81.0,0.0,0.1,0.0,0.25,0.0,0.0,0.73,109.0,-2.4000000000000004,Rain
-1.1,0.6868620195242237,83.24038537142762,1.3976353127188106,0.0,0.0,0.09257691519108419,0.17513402735445763,0.14152633390388125,0.4016081639483416,105.0,-9.109251558889323,Ice
3.2,2.0,100.0,0.0,4.2,0.0,0.26,0.0,0.0,0.72,112.0,-2.4,Rain
-6.8,7.0,71.0,4.0,0.0,0.0,0.0,0.0,0.0,0.82,112.0,-2.35,Snow
-1.1,6.5,95.0,4.0,0.4,17.0,1.54,0.0,0.0,0.53,110.0,-6.5,Rain
-3.2,4.0,100.0,6.0,3.7,11.0,0.0,0.49,0.09,0.38,112.0,-3.3000000000000003,Snow
4.3,3.1,55.0,0.0,0.0,0.0,0.01,0.0,0.0,0.82,415.0,5.8500000000000005,Normal
0.4,2.4,100.0,4.0,6.0,10.0,0.84,0.0,0.0,0.63,400.0,-4.5,Snow
-5.7,3.1,86.0,4.0,0.3,1.0,0.0,0.1,0.13,0.35,110.0,-2.0,Snow
-11.2,0.3,50.0,0.0,0.0,0.0,0.0,0.0,0.0,0.82,410.0,-3.25,Normal
5.4,3.4,94.0,0.0,2.3,0.0,0.22,0.0,0.0,0.74,115.0,1.0,Rain
6.0,0.3,64.0,0.0,0.0,0.0,0.0,0.0,0.0,0.82,122.0,9.5,Rain
-15.8,1.8,40.0,0.0,1.3,0.0,0.0,0.0,0.0,0.82,470.0,-5.1499999999999995,Normal
7.0,1.8,60.0,0.0,0.0,0.0,0.0,0.0,0.0,0.82,390.0,8.9,Normal
-8.6,1.6,69.0,0.0,0.0,0.0,0.0,0.0,0.0,0.82,110.0,-4.5,Normal
-8.361324397527586,4.159190476724256,73.86592656829397,1.5242567210899676,0.7447315998873223,0.0,0.25,0.0,0.11105038875769338,0.82,105.0,-6.3726219033035925,Ice
-10.687789503098431,0.9549131530683888,99.76724610571307,1.1883715090661204,1.937620569702809,0.0,0.18235016070208626,0.1008138532125592,0.11817405746222559,0.4988998981258977,158.448056237148,-2.644649282689288,Ice
-13.1,8.0,45.0,0.0,0.0,0.0,0.0,0.0,0.0,0.82,477.0,-5.85,Normal
-3.9277495752232676,2.467534135697817,86.9684802845859,0.8677135603537109,0.0,0.0,0.07090313392478671,0.21922547053892405,0.29153234328859856,0.7247180780933355,172.278329180833,-1.3,Ice
6.5,0.5,85.0,0.0,0.0,0.0,0.01,0.0,0.0,0.82,130.0,9.5,Rain
-3.4,2.2,95.0,4.0,1.5,0.0,0.06,0.1,0.09,0.57,115.0,-2.5999999999999996,Snow
-2.7,3.2,100.0,4.0,3.5,12.0,0.0,0.15,0.07,0.48,110.0,-4.35,Snow
1.4,0.6,95.0,0.0,0.3,0.0,0.14,0.0,0.0,0.78,110.0,3.55,Rain
-4.5,2.8,92.0,4.0,0.7,7.0,0.0,0.16,0.16,0.28,112.0,-1.95,Snow
-17.5,0.4,41.0,0.0,0.0,0.0,0.0,0.0,0.0,0.82,460.0,-4.7,Normal
-2.3,3.6,99.0,4.0,3.9,1.0,0.2,0.04,0.07,0.75,115.0,-1.5,Snow
5.3,3.5,90.0,0.0,0.0,0.0,0.0,0.0,0.0,0.82,430.0,8.4,Rain
-8.492915211386197,1.114554174047324,86.31153834955182,1.0949196578477562,4.934643851586929,0.0,0.184538262364356,0.24708021708080408,0.09011407458811899,0.7481753683165349,153.11382830972602,-2.85652813108103,Ice
-6.6,3.4,78.0,4.0,0.5,0.0,0.22,0.0,0.0,0.74,112.0,-3.55,Snow
-9.0,6.1,61.0,0.0,0.0,0.0,0.0,0.0,0.0,0.82,409.0,-3.0,Normal
-16.0,2.8,35.0,0.0,0.0,0.0,0.0,0.0,0.0,0.82,417.0,-8.1,Normal
-2.8,5.3,95.0,4.0,1.3,5.0,0.36,0.07,0.11,0.69,112.0,-0.6000000000000001,Snow
-5.079105943544166,2.7646398816948827,75.44236352295614,0.9806379101093075,2.4694133247156205,0.0,0.0,0.0,0.0,0.4490701449634192,105.0,-7.402744078838248,Ice
-1.4,4.7,79.0,1.0,0.1,0.0,0.0,0.0,0.0,0.82,110.0,-1.85,Rain
-13.6,1.1,61.0,0.0,0.0,0.0,0.0,0.0,0.0,0.82,115.0,-6.8999999999999995,Rain
-10.018224321200389,0.950882618784546,100.0,0.0,0.0,0.0,0.0466660194517764,0.26305971218959395,0.0,0.82,105.0,-5.655125212334896,Ice
-16.8,3.0,31.0,0.0,0.0,0.0,0.0,0.0,0.0,0.82,115.0,-11.5,Normal
-1.1,1.7,100.0,4.0,5.5,1.0,0.0,0.95,0.05,0.37,112.0,-2.95,Snow
-7.4,2.6,72.0,4.0,0.0,0.0,0.0,0.0,0.0,0.82,430.0,-2.9499999999999997,Normal
4.9,7.3,98.0,0.0,0.0,0.0,0.02,0.0,0.0,0.82,112.0,5.25,Rain
-5.7,3.4,73.0,0.0,0.0,0.0,0.0,0.0,0.0,0.82,125.0,-1.8000000000000003,Normal
5.9,1.8,84.0,0.0,0.0,0.0,0.0,0.0,0.0,0.82,407.0,8.5,Normal
-17.9,4.5,37.0,0.0,0.0,0.0,0.0,0.0,0.0,0.82,110.0,-17.45,Snow
-3.6,1.7,100.0,4.0,1.0,3.0,0.0,0.09,0.19,0.21,110.0,-3.5500000000000003,Snow
2.0,1.2,50.0,0.0,0.0,0.0,0.01,0.0,0.0,0.82,400.0,6.95,Rain
-3.1,2.7,76.0,0.0,0.0,0.0,0.02,0.0,0.0,0.82,425.0,-1.1,Normal
5.7,4.0,89.0,0.0,0.0,0.0,0.04,0.0,0.0,0.82,107.0,1.9499999999999997,Rain
-12.2,1.0,44.0,0.0,0.1,0.0,0.0,0.0,0.0,0.82,400.0,-4.25,Normal
4.7,1.5,58.0,0.0,0.0,0.0,0.0,0.0,0.0,0.82,405.0,7.55,Normal
-7.0,4.0,92.0,4.0,3.0,4.0,0.0,0.81,0.04,0.37,110.0,-16.35,Snow
-4.455675069913563,2.5583035061883255,94.7197380233021,0.8039572849538872,3.408443595872786,0.0,0.18978156537859983,0.05038466466834041,0.24031127769465277,0.4354860362800681,284.16495704452984,-6.915020533350113,Ice
-1.1,0.12827613126678372,92.93079656839384,0.0,0.0,0.0,0.011177276716767826,0.128416963458034,0.11538067309738301,0.6599690543687599,128.5534944049802,-8.722603088371121,Ice
2.7,0.8,66.0,0.0,0.0,0.0,0.0,0.0,0.0,0.82,417.0,6.45,Normal
0.6,0.9,56.0,0.0,0.0,0.0,0.0,0.0,0.0,0.82,165.0,6.4,Normal
-1.8637496932310267,1.2929300637882428,96.9210634567019,3.611725763420064,3.1817676195654165,0.0,0.02790128692846952,0.37892039322985116,0.20799405706018612,0.2341532763296652,165.81792359646334,-3.0047963275878087,Ice
4.0,1.7,59.0,0.0,0.0,0.0,0.0,0.0,0.0,0.82,427.0,6.7,Normal
-2.9,2.6,65.0,0.0,0.0,0.0,0.0,0.0,0.0,0.82,405.0,0.9500000000000002,Normal
-5.8,1.9,57.0,0.0,0.0,0.0,0.0,0.0,0.0,0.82,110.0,-0.44999999999999996,Rain
-5.254089329378989,0.8309583152309457,77.43409903512853,1.5064571054913047,0.0,0.0,0.25,0.2174755684264033,0.2011275096238696,0.2210136679855353,178.9306427629122,-4.797932089327548,Ice
-8.6,0.3,70.0,0.0,0.3,0.0,0.0,0.0,0.0,0.82,465.0,-2.7,Normal
-3.3,5.9,91.0,5.0,5.7,16.0,0.0,0.43,0.17,0.31,110.0,-1.6,Snow
-24.2,1.2,83.0,0.0,0.0,0.0,0.0,0.0,0.0,0.82,110.0,-17.0,Snow
4.6,3.3,79.0,0.0,5.5,0.0,0.3,0.0,0.0,0.71,110.0,2.5,Rain
5.3,4.1,93.0,0.0,0.0,0.0,0.06,0.0,0.0,0.81,112.0,1.35,Rain
-12.5,2.4,41.0,0.0,0.0,0.0,0.0,0.0,0.0,0.82,410.0,-3.35,Normal
-18.0,1.7,60.0,0.0,0.0,0.0,0.0,0.0,0.0,0.82,422.0,-16.4,Normal
4.8,5.0,94.0,0.0,3.4,0.0,0.26,0.0,0.0,0.72,112.0,-2.1999999999999997,Rain
0.2,4.1,85.0,0.0,0.0,0.0,0.0,0.0,0.0,0.82,409.0,-0.8499999999999999,Normal
-3.1,6.5,95.0,5.0,1.6,9.0,0.22,0.0,0.0,0.74,110.0,-1.5999999999999999,Snow
-2.6,2.5,98.0,6.0,5.7,12.0,0.0,0.25,0.2,0.22,110.0,-1.2000000000000002,Snow
-5.02088714679274,0.9193015655727115,93.84133101870108,1.7325972820579412,0.6673582882941355,0.0,0.09358568723967868,0.17066632759565295,0.027464770067558833,0.514398986579227,160.84371220289466,-10.164171566343477,Ice
-18.4,0.4,30.0,0.0,0.0,0.0,0.0,0.0,0.0,0.82,417.0,-4.95,Normal
-3.2,3.6,95.0,4.0,0.6,6.0,0.17,0.03,0.03,0.76,110.0,-1.5,Snow
-19.3,0.6,52.0,0.0,0.0,0.0,0.0,0.0,0.0,0.82,427.0,-10.25,Normal
-16.5,2.7,31.0,0.0,0.0,0.0,0.0,0.0,0.0,0.82,517.0,-9.25,Normal
-1.537080691546426,5.21384083864811,100.0,0.0,2.0982549298262367,0.0,0.25,0.29948957008992244,0.05408132576071703,0.5513001255537057,186.666479542173,-2.8983698111730494,Ice
-15.3,1.0,45.0,0.0,0.0,0.0,0.0,0.0,0.0,0.82,451.0,-4.3500000000000005,Normal
-9.0,3.2,69.0,0.0,0.0,0.0,0.0,0.0,0.0,0.82,417.0,-5.6000000000000005,Normal
5.2,3.6,89.0,0.0,0.0,0.0,0.0,0.0,0.0,0.82,112.0,8.9,Rain
-7.8,2.9,53.0,0.0,0.0,0.0,0.0,0.0,0.0,0.82,422.0,-1.7,Normal
-15.9,0.7,63.0,0.0,0.0,0.0,0.0,0.0,0.0,0.82,450.0,-5.95,Normal
-1.9,2.3,70.0,0.0,0.0,0.0,0.11,0.0,0.0,0.79,115.0,0.5,Rain
-12.6,2.9,49.0,4.0,0.0,0.0,0.0,0.0,0.0,0.82,425.0,-9.25,Snow
-5.2,2.5,88.0,4.0,0.2,1.0,0.13,0.0,0.0,0.78,110.0,-3.4000000000000004,Snow
-6.673649015652537,2.736353101238091,73.76826624763977,0.541118750639729,0.0,0.0,0.03619155584465176,0.0,0.0,0.6201176138324591,105.0,-1.3234745320939978,Ice
5.9,4.6,92.0,0.0,0.0,0.0,0.07,0.0,0.0,0.81,112.0,2.3,Rain
-8.54932773105562,0.309742535275471,88.78673104907487,0.0,0.9767731557829069,0.0,0.0,0.04829711641521862,0.1891580407941954,0.13,221.964171668402,-9.002828061807552,Ice
-4.3,6.8,91.0,4.0,1.4,4.0,0.38,0.17,0.1,0.69,110.0,-1.4000000000000001,Snow
-3.8,2.0,64.0,0.0,0.0,0.0,0.0,0.0,0.0,0.82,112.0,-0.3500000000000001,Normal
4.8,5.6,91.0,0.0,0.2,0.0,0.13,0.0,0.0,0.79,110.0,1.9999999999999998,Rain
-5.6,5.1,87.0,4.0,0.2,1.0,0.11,0.01,0.03,0.8,109.0,-3.3,Snow
-17.3,0.6,37.0,0.0,0.0,0.0,0.0,0.0,0.0,0.82,362.0,-6.4,Normal
5.5,3.0,97.0,0.0,6.5,0.0,0.21,0.0,0.0,0.74,112.0,1.6,Rain
-3.1,5.5,94.0,4.0,10.2,0.0,0.0,1.11,0.04,0.37,115.0,-4.3500000000000005,Snow
-14.3,0.4,44.0,0.0,0.0,0.0,0.0,0.0,0.0,0.82,417.0,-4.5,Normal
-14.3,2.1,47.0,0.0,0.0,0.0,0.0,0.0,0.0,0.82,435.0,-6.7,Normal
-1.1,5.830056525756333,100.0,1.7863373129629225,0.29047010460904277,0.0,0.0,0.3280756636998136,0.1525975276094044,0.82,241.26937533983607,-8.864519728649467,Ice
-1.2,1.9,98.0,4.0,0.7,14.0,0.75,0.0,0.0,0.64,110.0,-6.9,Rain
-3.2,7.5,93.0,4.0,0.7,6.0,0.12,0.0,0.0,0.79,112.0,-1.45,Snow
5.6,1.8,99.0,0.0,5.6,0.0,0.34,0.0,0.0,0.7,425.0,0.9500000000000002,Rain
-11.5,3.8,57.0,0.0,0.0,0.0,0.0,0.0,0.0,0.82,110.0,-4.7,Normal
-4.7,2.5,93.0,4.0,0.5,4.0,0.0,0.24,0.18,0.26,115.0,-2.3,Snow
-1.9,4.7,100.0,4.0,4.7,2.0,0.13,0.06,0.08,0.78,110.0,-2.25,Snow
-5.3,4.5,76.0,4.0,0.0,0.0,0.0,0.0,0.0,0.82,110.0,-1.85,Snow
6.2,2.4,81.0,0.0,0.0,0.0,0.0,0.0,0.0,0.82,370.0,7.95,Normal
-19.5,1.3,33.0,0.0,0.0,0.0,0.0,0.0,0.0,0.82,475.0,-6.199999999999999,Normal
-0.3,2.5,91.0,0.0,0.0,0.0,0.0,0.0,0.0,0.82,422.0,0.0,Normal
-5.8,1.0,59.0,0.0,0.0,0.0,0.0,0.0,0.0,0.82,402.0,-1.3499999999999999,Normal
0.9,2.1,97.0,1.0,7.0,0.0,0.57,0.0,0.0,0.66,112.0,-5.6,Rain
-7.4,4.6,68.0,4.0,0.0,0.0,0.0,0.0,0.0,0.82,430.0,-3.15,Snow
7.2,1.1,62.0,0.0,0.0,0.0,0.0,0.0,0.0,0.82,400.0,9.05,Normal
-2.0,5.1,97.0,4.0,1.7,0.0,0.15,0.13,0.16,0.63,112.0,-1.5499999999999998,Snow
-9.4,5.2,64.0,4.0,0.0,0.0,0.0,0.0,0.0,0.82,490.0,-8.8,Snow
-6.6,4.9,77.0,4.0,0.1,1.0,0.07,0.0,0.0,0.81,112.0,-5.3,Snow
-1.1,2.6410852277896306,93.39113944040284,0.0,0.0,0.0,0.2303930104456668,0.04039782973213779,0.08127119740442755,0.5083075602386047,105.0,-10.352503634812285,Ice
-4.236738622903005,3.1158877613602263,100.0,2.7852394223254624,1.467268881919863,0.0,0.0,0.15012764849687543,0.0,0.7844138367331828,105.0,-7.536326956900902,Ice
-5.1,2.3,85.0,4.0,3.3,0.0,0.37,0.0,0.0,0.69,140.0,-1.95,Snow
-1.9,2.2,98.0,5.0,1.4,6.0,0.21,0.0,0.0,0.74,107.0,-0.6499999999999999,Snow
6.9,0.8,60.0,0.0,0.0,0.0,0.0,0.0,0.0,0.82,480.0,9.700000000000001,Normal
-3.2043145079782516,0.6690503612177268,75.83367343212369,0.0,0.0,0.0,0.2234854870473234,0.0,0.08663514152211314,0.5142519385115896,105.0,-2.697838895084938,Ice
-4.1,3.0,91.0,4.0,0.9,3.0,0.34,0.0,0.0,0.7,112.0,-1.95,Snow
4.5,2.4,95.0,0.0,0.2,0.0,0.1,0.0,0.0,0.8,112.0,1.7500000000000002,Rain
5.4,0.2,86.0,0.0,0.0,0.0,0.0,0.0,0.0,0.82,396.0,8.35,Rain
-3.4,4.0,100.0,5.0,1.3,19.0,0.14,0.05,0.06,0.78,109.0,-3.3,Snow
-4.0,1.9,87.0,4.0,3.3,0.0,0.18,0.0,0.0,0.76,110.0,-2.15,Snow
6.0,0.3,87.0,0.0,0.0,0.0,0.0,0.0,0.0,0.82,110.0,8.0,Rain
3.6,0.4,68.0,0.0,0.0,0.0,0.07,0.0,0.0,0.81,112.0,6.15,Rain
-4.5,2.5,74.0,0.0,0.0,0.0,0.0,0.0,0.0,0.82,430.0,-1.6500000000000001,Normal
3.1,1.4,73.0,0.0,0.0,0.0,0.0,0.0,0.0,0.82,409.0,6.0,Normal
-10.6,3.0,65.0,0.0,0.0,0.0,0.0,0.0,0.0,0.82,442.0,-10.85,Normal
-5.380524912821739,3.734329551900358,100.0,0.0,1.4998762899894225,0.0,0.07000760236822437,0.00017670100482444773,0.08179852255182896,0.5522646869059423,201.129184441764,-1.3,Ice
-12.1,3.2,51.0,4.0,0.0,0.0,0.0,0.0,0.0,0.82,437.0,-6.550000000000001,Normal
-5.440253729767244,2.7293087901897777,96.55025865643447,3.0218926905110237,1.371346211891607,0.0,0.0,0.12492463444019361,0.0,0.13,140.43193263325313,-9.676078865607629,Ice
-11.3,6.6,53.0,0.0,0.0,0.0,0.0,0.0,0.0,0.82,417.0,-6.75,Normal
2.1,1.2,93.0,0.0,0.0,0.0,0.35,0.0,0.0,0.7,112.0,0.8499999999999999,Rain
3.8,2.7,46.0,0.0,0.0,0.0,0.0,0.0,0.0,0.82,404.0,8.6,Normal
4.6,6.3,98.0,0.0,1.8,0.0,0.12,0.0,0.0,0.79,112.0,-0.8500000000000001,Rain
5.8,3.1,100.0,0.0,5.2,0.0,0.2,0.0,0.0,0.75,110.0,-0.6000000000000001,Rain
-17.3,1.6,32.0,0.0,0.0,0.0,0.0,0.0,0.0,0.82,133.0,-4.6,Normal
5.2,3.1,94.0,0.0,0.9,0.0,0.36,0.0,0.0,0.69,110.0,7.050000000000001,Rain
3.2,0.9,100.0,0.0,3.1,0.0,0.1,0.0,0.0,0.8,110.0,5.25,Rain
-20.2,3.0,24.0,0.0,0.0,0.0,0.0,0.0,0.0,0.82,420.0,-12.200000000000001,Normal
-17.5,2.2,33.0,0.0,1.4,0.0,0.0,0.0,0.0,0.82,440.0,-3.9499999999999997,Normal
-2.6,2.8,97.0,4.0,1.0,11.0,0.0,0.18,0.12,0.37,112.0,-4.75,Snow
3.6,1.2,67.0,0.0,0.0,0.0,0.0,0.0,0.0,0.82,411.0,6.3,Normal
-17.8,3.4,35.0,0.0,0.0,0.0,0.0,0.52,0.02,0.38,415.0,-17.599999999999998,Normal
4.9,3.4,93.0,0.0,0.2,0.0,0.12,0.0,0.0,0.79,109.0,1.8499999999999999,Rain
-8.8,0.8,60.0,0.0,0.0,0.0,0.0,0.0,0.0,0.82,290.0,-2.8,Normal
1.2,0.8,66.0,0.0,0.0,0.0,0.0,0.0,0.0,0.82,455.0,6.5,Normal
5.8,0.5,70.0,0.0,0.0,0.0,0.01,0.0,0.0,0.82,110.0,9.100000000000001,Rain
-1.8,1.6,97.0,5.0,5.9,6.0,0.0,0.4,0.19,0.28,112.0,-0.34999999999999987,Snow
-6.0,5.2,80.0,4.0,0.1,0.0,0.03,0.0,0.0,0.82,112.0,-2.65,Snow
-3.5,1.1,59.0,0.0,0.0,0.0,0.01,0.0,0.0,0.82,112.0,0.6500000000000001,Rain
-6.3,4.9,72.0,0.0,0.2,0.0,0.0,0.0,0.0,0.82,435.0,-2.1,Rain
-7.3,2.6,79.0,4.0,0.5,3.0,0.43,0.01,0.04,0.68,110.0,-5.949999999999999,Snow
-5.0,4.2,90.0,5.0,0.3,8.0,0.06,0.02,0.02,0.81,112.0,-3.05,Snow
-13.721349323211125,3.394305220855563,84.95232239855044,1.4528329696863411,0.0,0.0,0.007833722167467763,0.2346897984255179,0.38,0.6675678056237142,105.0,-11.342008456733904,Ice
-6.716840799909314,5.382873080188705,72.23940793921355,2.4818589869678904,1.1506160563188585,0.0,0.0,0.09861873925925847,0.04338089022811977,0.4167100973623805,105.0,-1.6704233234039276,Ice
6.2,1.1,88.0,0.0,0.0,0.0,0.0,0.0,0.0,0.82,411.0,9.8,Normal
-7.0,1.9,71.0,0.0,0.2,0.0,0.0,0.0,0.0,0.82,110.0,-3.35,Normal
1.8,2.0,100.0,1.0,9.0,0.0,0.51,0.02,0.04,0.67,109.0,-5.45,Rain
-1.1,1.4253049396529744,89.94972785544047,0.12110971410166571,0.7286777312622142,0.0,0.21495889617101943,0.0582849272121821,0.0881081653998998,0.82,107.22624491181102,-2.875660526662698,Ice
-16.9,0.1,56.0,0.0,0.0,0.0,0.0,0.0,0.0,0.82,442.0,-5.9,Normal
-3.1,2.2,98.0,4.0,1.2,4.0,0.0,0.27,0.13,0.35,109.0,-6.4,Snow
4.5,1.3,97.0,0.0,1.9,0.0,0.29,0.0,0.0,0.71,109.0,7.300000000000001,Rain
-6.5,5.4,76.0,4.0,0.4,0.0,0.25,0.0,0.0,0.73,112.0,-2.9,Snow
0.0,0.8,99.0,4.0,1.7,0.0,0.25,0.13,0.16,0.71,110.0,-2.1,Rain
-5.3,3.6,88.0,4.0,0.8,2.0,0.0,0.2,0.1,0.43,107.0,-2.25,Snow
-8.7,1.1,59.0,0.0,3.3,0.0,0.0,0.0,0.0,0.82,122.0,-1.9,Normal
-2.7,3.9,93.0,4.0,3.2,3.0,0.31,0.0,0.0,0.71,112.0,-1.2000000000000002,Snow
6.2,3.1,83.0,0.0,0.0,0.0,0.0,0.0,0.0,0.82,425.0,9.45,Normal
-2.1,1.4,69.0,0.0,0.0,0.0,0.01,0.0,0.0,0.82,412.0,0.8999999999999999,Rain
-4.0,1.8,98.0,4.0,0.2,4.0,0.07,0.02,0.03,0.81,112.0,-3.15,Snow
-8.653521931408111,2.5280765184242786,87.37567009053053,2.9259463000497705,0.7064087976661576,0.0,0.0,0.4,0.0,0.34761233635737765,105.0,-1.596271417396891,Ice
-2.4,2.8,69.0,0.0,0.0,0.0,0.0,0.0,0.0,0.82,400.0,0.09999999999999987,Normal
-2.8,4.1,97.0,5.0,3.4,12.0,0.0,0.3,0.2,0.24,110.0,-1.4,Snow
-15.6,3.6,34.0,0.0,0.0,0.0,0.0,0.0,0.0,0.82,410.0,-6.0,Normal
-3.2,7.6,96.0,5.0,2.5,8.0,0.0,0.8,0.06,0.37,110.0,-2.1,Snow
-3.9,5.4,88.0,4.0,0.3,2.0,0.15,0.0,0.0,0.77,112.0,-1.55,Snow
4.7,2.5,93.0,0.0,6.7,0.0,0.01,0.0,0.0,0.82,12.0,4.55,Rain
-5.4,2.0,80.0,4.0,0.0,1.0,0.0,0.03,0.03,0.79,107.0,-1.6,Snow
-6.0,2.2,76.0,4.0,2.0,0.0,0.3,0.0,0.0,0.71,110.0,-2.1,Snow
-13.1,0.6,62.0,0.0,0.0,0.0,0.0,0.0,0.0,0.82,430.0,-8.9,Normal
6.5,2.2,56.0,0.0,0.0,0.0,0.0,0.0,0.0,0.82,402.0,8.8,Normal
-12.9,3.3,61.0,0.0,0.0,0.0,0.0,0.0,0.0,0.82,495.0,-8.8,Normal
-17.0,1.0,36.0,0.0,0.0,0.0,0.0,0.0,0.0,0.82,402.0,-6.5,Normal
-19.3,2.1,27.0,0.0,0.0,0.0,0.0,0.0,0.0,0.82,532.0,-4.95,Normal
-16.9,2.8,33.0,0.0,0.0,0.0,0.0,0.0,0.0,0.82,435.0,-7.05,Normal
-13.5,2.5,41.0,0.0,0.0,0.0,0.0,0.0,0.0,0.82,450.0,-5.699999999999999,Normal
-3.3,3.0,99.0,5.0,1.4,10.0,0.0,0.16,0.22,0.19,115.0,-1.15,Snow
-4.8,7.2,85.0,1.0,0.3,0.0,0.18,0.0,0.0,0.76,110.0,-2.4,Ice
-18.6,1.0,30.0,0.0,0.0,0.0,0.0,0.0,0.0,0.82,422.0,-5.55,Normal
-13.4,2.6,39.0,0.0,0.2,0.0,0.0,0.0,0.0,0.82,407.0,-2.85,Normal
4.0,3.1,87.0,0.0,17.2,0.0,0.19,0.0,0.0,0.75,112.0,0.3999999999999999,Rain
5.5,1.6,91.0,0.0,0.0,0.0,0.12,0.0,0.0,0.79,112.0,1.8000000000000003,Rain
3.9,1.7,82.0,0.0,0.0,0.0,0.0,0.0,0.0,0.82,425.0,5.55,Normal
-6.4,2.8,66.0,4.0,0.0,0.0,0.0,0.0,0.0,0.82,465.0,-6.3999999999999995,Normal
-2.8102090601250262,1.9807050652965152,81.09487912120146,1.8425382340524572,4.083751980138237,0.0,0.20493687575571612,0.0,0.20070079626642912,0.7258275932771443,137.7510734549917,-4.914839917834782,Ice
-7.0,3.0,94.0,4.0,3.4,2.0,0.0,0.85,0.05,0.37,110.0,-16.35,Snow
7.9,2.9,67.0,0.0,0.0,0.0,0.0,0.0,0.0,0.82,400.0,9.1,Normal
-1.2882121941190783,5.977205825732226,90.00764839542622,1.8463959435120891,0.6953836638630616,0.0,0.08075453651262647,0.18058622487194104,0.10494474307214356,0.82,105.0,-1.3,Ice
5.4,2.5,99.0,0.0,1.8,0.0,0.09,0.0,0.0,0.8,112.0,0.8000000000000003,Rain
-3.1,1.8,62.0,0.0,0.0,0.0,0.0,0.0,0.0,0.82,397.0,0.7,Normal
-2.8,3.8,68.0,0.0,0.0,0.0,0.0,0.0,0.0,0.82,400.0,0.30000000000000004,Normal
-13.5,0.7,51.0,0.0,0.0,0.0,0.0,0.0,0.0,0.82,437.0,-7.3999999999999995,Normal
-4.3,5.3,96.0,4.0,0.5,6.0,0.0,0.2,0.12,0.36,107.0,-5.1,Snow
4.6,4.9,92.0,0.0,0.1,0.0,0.08,0.0,0.0,0.81,110.0,1.8,Rain
-7.0,5.5,73.0,4.0,0.2,1.0,0.0,0.0,0.0,0.82,112.0,-2.95,Snow
-13.8,0.3,54.0,0.0,0.0,0.0,0.0,0.0,0.0,0.82,495.0,-6.15,Normal
5.2,2.7,96.0,0.0,1.4,0.0,0.15,0.0,0.0,0.78,112.0,0.8500000000000001,Rain
4.9,3.4,91.0,0.0,0.0,0.0,0.07,0.0,0.0,0.81,112.0,1.9000000000000001,Rain
-3.1239870263816725,1.238757515678368,69.1889555301373,1.0682359524150506,5.323611754975925,0.0,0.02477520781980419,0.0,0.10327416690774684,0.4584216271624317,188.4328869555602,-5.306970151673188,Ice
-14.0,0.3,70.0,0.0,0.1,0.0,0.0,0.0,0.0,0.82,402.0,-5.15,Normal
-14.6,1.3,45.0,0.0,0.0,0.0,0.0,0.0,0.0,0.82,435.0,-5.95,Normal
-10.9,0.4,68.0,0.0,0.0,0.0,0.0,0.0,0.0,0.82,417.0,-4.55,Normal
-11.114136009221529,0.32805766159003635,65.76671091329797,0.9043611815290842,0.6941093740955095,0.0,0.04566880006427508,0.12000536040539099,0.06689087239148167,0.32199793402232824,127.65741724867273,-7.052860741136575,Ice
-6.7,3.0,73.0,4.0,0.0,1.0,0.0,0.0,0.0,0.82,150.0,-2.5,Snow
-5.6,1.3,84.0,4.0,0.4,2.0,0.21,0.0,0.0,0.74,110.0,-3.25,Snow
-3.0,5.9,100.0,6.0,1.6,12.0,0.0,0.22,0.34,0.12,110.0,-1.9000000000000001,Snow
4.8,2.0,98.0,0.0,6.1,0.0,0.07,0.0,0.0,0.81,110.0,1.5,Rain
-3.7161905243134474,0.8531709840523216,93.42838303383184,1.5890901985476837,1.8373950727310804,0.0,0.11507622533826176,0.13531227015698946,0.226255734510039,0.6013384265370029,125.62476971583399,-8.449409041622399,Ice
-5.362183927572147,2.6299148780464776,97.72647035626045,3.2561598908280347,0.7963434155723882,0.0,0.16367508621913335,0.04428957563806603,0.10972156577329382,0.3469912305172445,105.0,-6.8234640248045135,Ice
-1.1,5.302112174671041,91.84364939097205,0.5097860676494157,0.8267442926201649,0.0,0.01976263672314913,0.0851031061262491,0.2232420000868771,0.490512013253017,105.0,-1.3,Ice
4.9,1.7,86.0,0.0,7.4,0.0,0.25,0.0,0.0,0.72,110.0,1.9000000000000001,Rain
5.6,5.0,99.0,0.0,3.8,0.0,0.18,0.0,0.0,0.76,112.0,-1.5999999999999996,Rain
-16.1,0.2,56.0,0.0,0.0,0.0,0.0,0.0,0.0,0.82,162.0,-7.050000000000001,Normal
3.5,2.5,88.0,0.0,1.5,0.0,0.0,0.0,0.0,0.82,485.0,9.100000000000001,Normal
-3.0,4.5,100.0,5.0,2.7,4.0,0.0,0.19,0.07,0.43,110.0,-4.25,Snow
7.3,1.9,72.0,0.0,0.0,0.0,0.0,0.0,0.0,0.82,404.0,9.75,Normal
-4.8,3.6,92.0,4.0,0.6,4.0,0.02,0.07,0.14,0.3,112.0,-3.0999999999999996,Snow
-11.0,4.6,50.0,0.0,0.0,0.0,0.0,0.0,0.0,0.82,592.0,-4.75,Normal
-4.61824484739298,0.5417281245348193,92.06712403198839,1.7185070542550864,1.013681734964394,0.0,0.08665342472752605,0.22107503873476647,0.0760341990547666,0.82,140.6765630689416,-10.45006718709572,Ice
0.4,2.1,71.0,0.0,0.0,0.0,0.21,0.0,0.0,0.74,115.0,1.65,Rain
-15.9,1.2,44.0,0.0,0.0,0.0,0.0,0.0,0.0,0.82,425.0,-5.25,Normal
-5.8,4.3,83.0,4.0,1.5,0.0,0.0,0.08,0.1,0.41,110.0,-3.25,Snow
-5.200150701202039,1.2664932901891621,98.2673076476617,0.28783301012061135,3.3355837067796203,0.0,0.06452959028079645,0.3047201269612927,0.35514278704951924,0.6009270485948605,105.0,-6.743084557411002,Ice
-10.1,1.7,56.0,0.0,0.0,0.0,0.0,0.0,0.0,0.82,455.0,-4.75,Normal
-8.2,3.2,70.0,0.0,0.0,0.0,0.0,0.0,0.0,0.82,412.0,-3.45,Normal
-18.7,3.7,32.0,0.0,0.0,0.0,0.0,0.0,0.0,0.82,110.0,-16.85,Snow
-7.314627686065146,4.341057631698857,94.65946319094445,0.0,0.24152746814277437,0.0,0.12604972439071235,0.0,0.0,0.25555422694623264,105.0,-3.5808156413576784,Ice
-3.7,3.6,76.0,0.0,0.0,0.0,0.0,0.0,0.0,0.82,425.0,-1.35,Normal
-2.3,1.3,74.0,0.0,0.0,0.0,0.0,0.0,0.0,0.82,110.0,-0.7000000000000002,Rain
-3.5,4.1,88.0,4.0,1.4,0.0,0.12,0.0,0.0,0.79,110.0,-0.8,Snow
-8.579711245718451,4.989742208823596,67.94858528626608,0.0,3.3094691018915716,0.0,0.010765833869646614,0.03420905987928145,0.03868647152562521,0.40169175646958427,242.27087819966016,-1.3,Ice
-7.5,3.7,65.0,0.0,0.0,0.0,0.0,0.0,0.0,0.82,412.0,-3.3000000000000003,Normal
-4.455660329083226,2.280747958761713,83.76101720024664,0.0,0.0,0.0,0.16500673571472554,0.28512255511307627,0.0,0.82,192.50648905874175,-3.0281711625107297,Ice
5.6,2.2,100.0,0.0,0.1,0.0,0.07,0.0,0.0,0.81,112.0,0.8500000000000001,Rain
5.4,0.8,100.0,0.0,5.6,0.0,0.33,0.0,0.0,0.7,112.0,0.8999999999999999,Rain
-3.3,2.7,100.0,5.0,1.9,24.0,0.0,0.32,0.17,0.3,112.0,-2.75,Snow
-14.4,1.8,70.0,0.0,0.0,0.0,0.0,0.0,0.0,0.82,466.0,-10.7,Normal
-6.2,3.4,75.0,4.0,0.1,0.0,0.03,0.0,0.0,0.82,112.0,-2.9499999999999997,Snow
2.9,2.6,94.0,0.0,0.0,0.0,0.0,0.0,0.0,0.82,150.0,4.75,Rain
-6.8,2.9,71.0,4.0,0.2,0.0,0.01,0.0,0.0,0.82,422.0,-2.85,Snow
4.6,2.2,97.0,0.0,1.3,0.0,0.1,0.0,0.0,0.8,112.0,6.6,Rain
-2.3,0.9,72.0,0.0,0.0,0.0,0.02,0.0,0.0,0.82,427.0,-0.30000000000000004,Rain
-1.482986836343855,2.3126053114265166,78.08366072036661,0.4722130133862631,0.0,0.0,0.04321988861531918,0.16121382949433946,0.08580085602228019,0.3030663514078729,105.0,-14.15,Ice
-2.3,5.2,97.0,4.0,0.9,1.0,0.14,0.02,0.04,0.78,110.0,-0.75,Snow
-4.864521186547048,5.377568219081565,98.64051277204022,0.0,2.85418660766985,0.0,0.03494536308250218,0.06977331393278331,0.35853509571460196,0.38583158563170983,105.0,-1.3,Ice
-1.4,2.3,97.0,4.0,0.9,5.0,1.23,0.0,0.0,0.57,112.0,-3.9,Snow
-17.9,2.7,35.0,0.0,0.0,0.0,0.0,0.52,0.02,0.38,415.0,-17.5,Normal
-7.983085206385367,2.6882488595169813,100.0,0.6964622087154684,0.0,0.0,0.0,0.0,0.08126754689979883,0.4123497386068721,204.43678247717492,-1.3,Ice
-1.1,0.4239603267378751,64.74887799677444,1.4787614566127212,4.0413366426548,0.0,0.10432611386166268,0.26185585763873304,0.058664765728193145,0.7454895507193247,173.0748913917381,-10.33695079327795,Ice
-1.8,4.1,99.0,5.0,7.0,8.0,0.06,0.14,0.14,0.34,110.0,-2.35,Snow
-13.6,2.0,51.0,0.0,0.0,0.0,0.0,0.0,0.0,0.82,475.0,-5.6,Normal
3.4,1.6,58.0,0.0,0.0,0.0,0.0,0.0,0.0,0.82,152.0,5.3999999999999995,Rain
-7.1,4.8,74.0,4.0,0.2,2.0,0.1,0.0,0.0,0.8,110.0,-3.4,Snow
1.4,1.9,100.0,1.0,16.3,0.0,0.4,0.05,0.12,0.68,112.0,-6.05,Rain
-1.9,5.3,97.0,5.0,3.0,7.0,0.0,0.18,0.18,0.24,110.0,-1.25,Snow
-14.3,0.5,60.0,0.0,0.0,0.0,0.0,0.0,0.0,0.82,422.0,-5.449999999999999,Normal
-2.4,2.1,94.0,4.0,4.4,12.0,0.19,0.06,0.15,0.74,503.0,-0.25,Snow
1.1,1.0,100.0,2.0,14.8,0.0,0.42,0.04,0.11,0.68,112.0,-6.2,Rain
-6.676409070511278,0.10903567619058618,51.79300746926497,1.2516695598681749,3.0992507533609324,0.0,0.17975656956454342,0.3565437851326159,0.0,0.3812046360601658,128.74311421854074,-3.7434053018452933,Ice
-6.5,10.3,77.0,4.0,0.0,1.0,0.0,0.03,0.01,0.8,112.0,-4.65,Snow
-11.9,1.7,44.0,0.0,0.0,0.0,0.0,0.0,0.0,0.82,405.0,-4.65,Normal
-6.4,3.7,60.0,0.0,0.0,0.0,0.0,0.0,0.0,0.82,427.0,-2.35,Normal
6.0,1.1,100.0,0.0,9.8,0.0,0.17,0.0,0.0,0.77,112.0,1.6,Rain
-6.4,1.4,54.0,0.0,0.0,0.0,0.0,0.0,0.0,0.82,425.0,-0.8,Normal
-4.2,4.0,92.0,4.0,1.5,4.0,0.0,0.37,0.27,0.18,110.0,-5.45,Snow
4.7,0.7,99.0,0.0,0.9,0.0,0.13,0.0,0.0,0.78,110.0,1.1,Rain
-9.232574075121786,0.9007349881108564,100.0,1.3159639964250938,2.225232006206907,0.0,0.14402824593058483,0.0,0.01616499790887002,0.592736664649557,159.70687517962116,-5.0945162065199705,Ice
-2.9,4.3,98.0,4.0,7.7,5.0,0.0,0.64,0.05,0.38,462.0,-3.5,Snow
-4.0,1.9,95.0,4.0,0.4,3.0,0.18,0.0,0.0,0.76,112.0,-2.6,Snow
-4.3,5.1,92.0,5.0,2.5,32.0,0.0,0.3,0.18,0.27,475.0,-2.1999999999999997,Snow
-13.91580190141993,3.1198297085526985,97.94868849691046,0.6837495337344022,1.7767714682395344,0.0,0.0,0.26346420523133807,0.24017197797832174,0.82,243.4333862724568,-13.731228984590803,Ice
-2.3,5.9,99.0,4.0,0.8,3.0,0.0,0.14,0.2,0.21,112.0,-0.9500000000000001,Snow
3.1,2.4,44.0,0.0,0.0,0.0,0.01,0.0,0.0,0.82,395.0,8.6,Normal
-13.8,0.4,86.0,0.0,0.0,0.0,0.0,0.0,0.0,0.82,475.0,-9.9,Normal
5.4,5.9,93.0,0.0,4.1,0.0,0.11,0.0,0.0,0.8,112.0,2.15,Rain
-13.5,5.7,43.0,0.0,0.0,0.0,0.0,0.0,0.0,0.82,445.0,-5.55,Normal
5.6,3.0,100.0,0.0,3.9,0.0,0.18,0.0,0.0,0.76,112.0,0.19999999999999973,Rain
-16.0,2.6,35.0,0.0,0.0,0.0,0.0,0.0,0.0,0.82,406.0,-8.1,Normal
-5.9,3.6,86.0,4.0,0.2,2.0,0.03,0.0,0.0,0.82,112.0,-5.6000000000000005,Snow
5.3,2.0,94.0,0.0,0.0,0.0,0.05,0.0,0.0,0.82,112.0,1.6,Rain
5.6,5.0,90.0,0.0,0.0,0.0,0.02,0.0,0.0,0.82,112.0,2.7500000000000004,Rain
-1.1,5.500418476602688,79.49964629273448,1.6793095122806383,2.795322704531614,0.0,0.0,0.4,0.0016178439156142033,0.2031843362850595,167.16087303254105,-3.4606610045072292,Ice
-7.310912749007436,3.3096405764366152,89.45503491110475,0.14514510449070506,1.8679998609421777,0.0,0.12654755881327237,0.2048505121737103,0.003121696564308704,0.2173932637363355,105.0,-4.8044760760195935,Ice
3.9,0.3,80.0,0.0,0.0,0.0,0.0,0.0,0.0,0.82,395.0,7.2,Normal
-5.526801037170383,2.6720546488883445,80.11560820801478,0.0,1.058957326383759,0.0,0.0,0.1200700782285482,0.14551617647405635,0.13,105.0,-3.7685114741298342,Ice
-5.48554164560187,0.5057423194583106,100.0,3.040569642632896,1.6840574274055387,0.0,0.18574772380777238,0.07207265202323902,0.20856078890020086,0.4458712075462053,105.0,-2.217428058300386,Ice
2.6,1.5,98.0,1.0,7.2,0.0,0.33,0.0,0.0,0.7,112.0,-1.1500000000000001,Rain
0.4,0.3,99.0,0.0,0.6,0.0,0.0,0.0,0.0,0.82,112.0,4.15,Rain
6.7,1.1,79.0,0.0,0.0,0.0,0.01,0.0,0.0,0.82,402.0,9.8,Normal
-4.2,1.4,86.0,4.0,3.5,4.0,0.35,0.0,0.0,0.69,110.0,-1.25,Rain
-9.1,2.2,63.0,0.0,0.0,0.0,0.0,0.0,0.0,0.82,145.0,-2.85,Normal
3.8,3.3,97.0,0.0,0.2,0.0,0.11,0.0,0.0,0.79,110.0,1.5,Rain
-1.6,2.4,72.0,0.0,0.0,0.0,0.0,0.0,0.0,0.82,397.0,0.6499999999999999,Rain
-16.7,1.9,30.0,0.0,0.2,0.0,0.0,0.0,0.0,0.82,485.0,-3.6,Normal
-17.2,1.0,47.0,0.0,0.0,0.0,0.0,0.0,0.0,0.82,110.0,-17.0,Snow
-5.5,6.2,87.0,4.0,0.3,2.0,0.18,0.0,0.0,0.76,110.0,-3.1,Snow
5.2,1.7,100.0,0.0,3.6,0.0,0.04,0.0,0.0,0.82,110.0,0.6499999999999999,Rain
-4.1,2.6,98.0,4.0,2.1,6.0,0.0,0.21,0.23,0.18,112.0,-8.55,Snow
-4.9,3.6,81.0,4.0,1.6,0.0,0.11,0.0,0.0,0.79,110.0,-0.9500000000000001,Snow
-8.910173601165798,0.5808348806136094,88.80546171121377,0.37532924100180265,0.5735633618837055,0.0,0.17590167316545702,0.018913399226012734,0.18967932083596706,0.49822203196311377,231.88883353012778,-6.9991079971798245,Ice
-1.4,5.0,87.0,1.0,0.3,0.0,0.09,0.0,0.0,0.81,110.0,-3.1999999999999997,Rain
5.0,1.8,97.0,0.0,0.8,0.0,0.19,0.0,0.0,0.75,112.0,1.4500000000000002,Rain
-16.8,1.8,30.0,0.0,1.4,0.0,0.0,0.0,0.0,0.82,440.0,-3.9499999999999997,Normal
2.1,2.2,100.0,1.0,7.5,0.0,0.37,0.03,0.07,0.69,112.0,-4.199999999999999,Rain
-9.84938815078497,0.7526148548034617,100.0,0.03522629587442472,0.6463591610979591,0.0,0.06492148465485777,0.0,0.0,0.7586903674736709,170.2341773450849,-7.527436919126391,Ice
-4.5,1.9,68.0,0.0,0.0,0.0,0.0,0.0,0.0,0.82,110.0,-1.55,Normal
2.7,1.3,96.0,0.0,0.5,0.0,0.0,0.0,0.0,0.82,150.0,5.35,Rain
6.8,1.0,66.0,0.0,0.0,0.0,0.0,0.0,0.0,0.82,396.0,9.15,Rain
1.2,0.9,48.0,0.0,0.0,0.0,0.01,0.0,0.0,0.82,112.0,6.15,Rain
-4.1,1.7,94.0,4.0,0.6,2.0,0.11,0.01,0.02,0.8,112.0,-3.15,Snow
5.1,2.1,94.0,0.0,1.3,0.0,0.31,0.0,0.0,0.7,112.0,1.35,Rain
0.8,0.2,66.0,0.0,0.0,0.0,0.02,0.0,0.0,0.82,135.0,6.6000000000000005,Rain
-6.4,4.1,91.0,4.0,0.6,2.0,0.0,0.11,0.03,0.58,110.0,-15.45,Snow
-0.1,1.7,99.0,1.0,4.1,0.0,0.67,0.0,0.02,0.65,110.0,-4.75,Snow
-3.5869012561004645,3.6497928943350364,82.77091717180693,0.0,2.469334697168443,0.0,0.17673989415721286,0.15620820244222222,0.05647796187808016,0.5788620771033335,176.1054750857582,-2.4294649364824563,Ice
-6.2,2.0,92.0,4.0,0.8,0.0,0.0,0.44,0.04,0.38,110.0,-15.799999999999999,Snow
-10.0,4.8,57.0,4.0,0.0,0.0,0.0,0.0,0.0,0.82,115.0,-3.7,Snow
-3.5,5.1,93.0,4.0,1.7,1.0,0.0,0.71,0.09,0.37,115.0,-2.5,Snow
-0.1,0.9,100.0,1.0,4.3,0.0,0.03,0.73,0.22,0.3,110.0,-2.75,Snow
-6.090362356783432,4.325496282952252,86.23196406756054,0.0,0.0,0.0,0.06230356443949658,0.033786208239578314,0.20755252376429992,0.734805941119461,105.0,-1.3,Ice
-4.3,6.0,91.0,5.0,1.4,14.0,0.04,0.22,0.22,0.2,110.0,-2.25,Snow
-5.9014827161044145,4.252887165100304,75.5221056134735,0.8550254737937562,1.4208453788455693,0.0,0.13134681990706878,0.0,0.16426067180106552,0.8137896705118617,174.42674236145163,-4.208207260574184,Ice
-1.1,6.70917231899263,83.18325810937813,0.06986954099475029,3.599592358735329,0.0,0.09472743486422973,0.05342608699006404,0.11682879198000054,0.6018933091518004,105.0,-14.15,Ice
-4.1,2.9,100.0,5.0,0.3,3.0,0.03,0.03,0.04,0.75,112.0,-3.2,Snow
-0.9,2.7,88.0,1.0,0.7,0.0,0.15,0.0,0.0,0.77,112.0,-4.1,Rain
-7.7,1.8,50.0,0.0,0.0,0.0,0.0,0.0,0.0,0.82,432.0,-0.95,Normal
1.8,6.6,93.0,1.0,3.0,0.0,0.98,0.0,0.0,0.61,112.0,-0.7,Rain
5.4,6.1,92.0,0.0,11.1,0.0,0.19,0.0,0.0,0.75,110.0,0.9500000000000002,Rain
-8.1,3.3,65.0,4.0,0.0,0.0,0.0,0.0,0.0,0.82,402.0,-6.5,Snow
4.3,5.9,91.0,0.0,0.0,0.0,0.07,0.0,0.0,0.81,112.0,2.6,Rain
0.1,0.3,100.0,1.0,6.7,0.0,0.14,0.83,0.33,0.26,112.0,-2.35,Snow
4.8,0.4,79.0,0.0,0.0,0.0,0.01,0.0,0.0,0.82,425.0,6.8999999999999995,Normal
-17.6,0.8,45.0,0.0,0.0,0.0,0.0,0.51,0.02,0.38,415.0,-16.3,Normal
-0.4,3.1,82.0,0.0,0.0,0.0,0.01,0.0,0.0,0.82,109.0,-0.19999999999999996,Rain
4.5,2.1,93.0,0.0,0.0,0.0,0.01,0.0,0.0,0.82,112.0,6.3500000000000005,Rain
-10.02632870182466,2.939275211791895,50.220849133092,0.30413146079415265,1.6936674522762936,0.0,0.11119633223317921,0.08501617348410119,0.28776644534984097,0.82,129.54584852282653,-1.6767028496561371,Ice
4.1,2.8,98.0,0.0,0.7,0.0,0.16,0.0,0.0,0.77,112.0,0.9499999999999997,Rain
-2.3,4.2,95.0,4.0,5.4,2.0,0.25,0.06,0.1,0.72,112.0,-1.4,Snow
-5.3,7.5,74.0,4.0,0.0,0.0,0.0,0.0,0.0,0.82,410.0,-1.9499999999999997,Snow
-7.4,2.8,68.0,0.0,0.0,0.0,0.0,0.0,0.0,0.82,422.0,-2.55,Normal
-4.974049411317163,4.255023436746124,83.73470125579288,3.0436485829994204,1.9374875824185196,0.0,0.08761327866285246,0.20383972374665554,0.0,0.82,166.5266131532407,-9.301161782542856,Ice
-15.1,0.6,42.0,0.0,0.0,0.0,0.0,0.0,0.0,0.82,462.0,-5.1000000000000005,Normal
-2.8,2.0,68.0,0.0,0.0,0.0,0.0,0.0,0.0,0.82,425.0,0.25,Normal
1.8,0.4,96.0,0.0,1.1,0.0,0.12,0.0,0.0,0.79,110.0,4.0,Rain
-3.2,2.2,100.0,6.0,3.9,31.0,0.0,0.26,0.18,0.27,110.0,-2.1,Snow
0.4,2.1,94.0,1.0,0.4,0.0,0.19,0.01,0.02,0.75,112.0,-1.3499999999999999,Rain
6.2,5.6,89.0,0.0,0.0,0.0,0.02,0.0,0.0,0.82,112.0,2.3,Rain
-1.9465611621950658,4.722982350276679,85.0224240422839,1.2506667763555919,2.339470453111965,0.0,0.0469346916611312,0.11902403341733017,0.23720898919871267,0.6536254105005976,337.74825582022095,-2.5278967307669347,Ice
-17.2,1.3,36.0,0.0,0.2,0.0,0.0,0.0,0.0,0.82,182.0,-5.9,Normal
-1.1,7.2,88.12476739929825,3.5372765068481407,0.0,0.0,0.03373579777396897,0.0,0.1718780704855487,0.82,200.00784702643364,-6.452031599376966,Ice
-6.9,2.7,82.0,4.0,0.1,3.0,0.08,0.0,0.0,0.81,110.0,-6.9,Snow
-2.2,4.7,100.0,4.0,3.2,4.0,0.0,0.56,0.11,0.38,112.0,-2.4499999999999997,Snow
2.0,1.8,98.0,1.0,6.8,0.0,1.35,0.0,0.0,0.56,109.0,-5.35,Rain
5.8,0.5,87.0,0.0,0.0,0.0,0.0,0.0,0.0,0.82,392.0,9.05,Normal
4.7,2.2,98.0,0.0,0.8,0.0,0.18,0.0,0.0,0.76,110.0,1.0000000000000002,Rain
-14.9,1.2,43.0,0.0,1.0,0.0,0.0,0.0,0.0,0.82,597.0,-7.449999999999999,Normal
5.8,3.5,89.0,0.0,0.0,0.0,0.14,0.0,0.0,0.78,112.0,2.1999999999999997,Rain
-16.1,0.7,34.0,0.0,0.0,0.0,0.0,0.0,0.0,0.82,440.0,-5.949999999999999,Normal
4.0,0.6,87.0,0.0,0.0,0.0,0.0,0.0,0.0,0.82,425.0,9.95,Normal
-2.6,4.7,92.0,4.0,0.2,1.0,0.06,0.0,0.0,0.81,112.0,-2.0,Snow
-4.5,0.9,68.0,0.0,0.0,0.0,0.01,0.0,0.0,0.82,110.0,-1.3499999999999999,Rain
-3.2,4.8,92.0,4.0,5.6,2.0,0.22,0.0,0.01,0.74,110.0,-2.55,Snow
-6.074226128200902,4.075561436516237,100.0,2.2636938797904094,0.796363982548451,0.0,0.055458866938920964,0.10681773274436032,0.010670363537571184,0.4802462342751984,271.0533042173511,-8.005020406496755,Ice
0.8,1.1,75.0,0.0,0.3,0.0,0.34,0.0,0.0,0.7,110.0,0.6499999999999999,Rain
5.1,4.2,94.0,0.0,0.1,0.0,0.15,0.0,0.0,0.77,115.0,-0.5499999999999998,Rain
-5.2,1.4,88.0,4.0,0.7,4.0,0.0,0.24,0.13,0.34,115.0,-1.7,Snow
-1.1,1.1315912272420108,71.16939906014005,2.6850544275476507,0.0,0.0,0.0,0.0,0.2238505437952089,0.5500098391977769,331.9457911799012,-9.951263164952007,Ice
-3.2,2.6,100.0,6.0,1.7,9.0,0.0,0.55,0.14,0.36,112.0,-1.7000000000000002,Snow
2.3,3.6,98.0,0.0,0.0,0.0,0.01,0.0,0.0,0.82,110.0,1.2,Normal
-16.7,2.8,32.0,0.0,0.0,0.0,0.0,0.0,0.0,0.82,565.0,-8.200000000000001,Normal
-3.3,1.9,98.0,4.0,2.1,1.0,0.0,0.8,0.1,0.37,112.0,-3.65,Snow
-6.041609775445353,0.1,65.81587704255429,2.166270295268215,2.330825178864588,0.0,0.004172402652547286,0.14374260615558565,0.04261330222658813,0.46863171038191065,155.29867988662994,-1.3,Ice
-10.5,0.3,58.0,0.0,0.0,0.0,0.0,0.0,0.0,0.82,425.0,-3.8999999999999995,Normal
-4.382379319364558,1.821674551760125,81.86474988601269,1.9070516340083548,3.8142251960261433,0.0,0.04306092476412428,0.1949591360912455,0.01782997000500068,0.82,157.92542459912488,-8.260715158511333,Ice
3.1,1.2,100.0,0.0,2.9,0.0,0.15,0.0,0.0,0.78,110.0,4.6,Rain
-16.5,0.9,38.0,0.0,0.0,0.0,0.0,0.0,0.0,0.82,432.0,-5.8,Normal
-5.7,5.9,73.0,4.0,0.1,0.0,0.0,0.0,0.0,0.82,407.0,-2.45,Snow
-5.3,4.9,89.0,4.0,0.5,3.0,0.22,0.03,0.11,0.74,109.0,-3.3,Snow
-7.555434578963503,4.477376790835882,90.40041697689378,0.8319490558692568,0.0,0.0,0.1549584304310963,0.19242136274736182,0.19083337525674077,0.6699803758326666,111.65320590037611,-8.613156670665472,Ice
1.4,6.4,95.0,1.0,1.2,0.0,0.62,0.0,0.02,0.65,109.0,-1.3,Rain
-12.936364182679338,5.01877864615056,100.0,0.0,2.24142417769112,0.0,0.0528835329047897,0.07769615081066172,0.0,0.6122558158758694,114.6654380449698,-3.547872171817426,Ice
1.4,1.6,57.0,0.0,0.0,0.0,0.01,0.0,0.0,0.82,484.0,4.8999999999999995,Normal
-4.1,3.3,94.0,4.0,1.1,0.0,0.0,0.63,0.12,0.37,112.0,-3.65,Snow
5.5,5.0,89.0,0.0,10.8,0.0,0.38,0.0,0.0,0.69,110.0,1.7500000000000002,Rain
-3.1,4.8,98.0,5.0,1.4,19.0,0.0,0.27,0.19,0.24,125.0,-0.85,Snow
-2.5,2.0,100.0,5.0,4.1,12.0,0.0,0.82,0.06,0.37,110.0,-3.0,Snow
5.2,3.1,93.0,0.0,2.2,0.0,0.2,0.0,0.0,0.75,485.0,1.0,Rain
1.4,3.2,95.0,0.0,0.9,0.0,0.0,0.0,0.0,0.82,415.0,4.7,Normal
5.6,2.9,100.0,0.0,8.5,0.0,0.47,0.0,0.0,0.67,110.0,-2.0,Rain
5.5,0.4,93.0,0.0,0.0,0.0,0.0,0.0,0.0,0.82,110.0,8.35,Rain
-1.2,4.2,91.0,1.0,0.3,0.0,0.62,0.0,0.0,0.65,110.0,-2.5500000000000003,Rain
7.8,0.5,77.0,0.0,0.0,0.0,0.0,0.0,0.0,0.82,430.0,9.0,Normal
5.0,3.0,100.0,0.0,5.7,0.0,0.4,0.0,0.0,0.69,110.0,-1.4999999999999996,Rain
4.7,1.5,98.0,0.0,1.2,0.0,0.13,0.0,0.0,0.78,110.0,1.4500000000000002,Rain
-16.2,4.2,31.0,0.0,0.0,0.0,0.09,0.0,0.0,0.8,445.0,-3.65,Normal
5.7,3.8,92.0,0.0,1.3,0.0,0.11,0.0,0.0,0.79,110.0,0.3999999999999999,Rain
-9.5197145139317,3.407403967100771,80.2813475747531,4.0,0.5308998449848414,0.0,0.0,0.0,0.015369650989347672,0.6928170016275169,105.0,-2.822800715160876,Ice
-8.891160606914173,0.1,64.4750098892548,1.3339007333726214,0.6596678607881273,0.0,0.05329424133347424,0.0691119027839088,0.2667512799166864,0.13,152.56995771145182,-4.147498960217128,Ice
2.2,0.5,68.0,0.0,0.0,0.0,0.0,0.0,0.0,0.82,112.0,6.449999999999999,Rain
-10.949604966932583,4.194752753689249,83.97346571306531,0.6165875130838154,2.731396640850602,0.0,0.04831651746192686,0.06260789792353247,0.24707473373207245,0.6211809071508935,105.0,-1.3,Ice
-2.6494308759026857,3.1305409734675815,82.72560330767772,0.0,0.22920869808718058,0.0,0.10538267818653385,0.1352291326563027,0.1614211262033525,0.6543198254963426,160.0014378906526,-7.200782921424789,Ice
-8.12896087934634,0.1,76.4712018261083,1.4703230859598808,2.37076858904283,0.0,0.08804903455456052,0.0,0.0,0.2192586370019819,187.38571061101447,-6.0137383070407715,Ice
1.3,1.9,100.0,0.0,0.3,0.0,0.05,0.0,0.0,0.82,110.0,6.5,Rain
-5.3,6.4,75.0,4.0,0.0,0.0,0.0,0.0,0.0,0.82,415.0,-2.0,Snow
1.2,7.3,92.0,1.0,1.3,0.0,0.57,0.0,0.0,0.66,112.0,-0.7999999999999998,Rain
-6.9,2.2,76.0,0.0,0.1,0.0,0.0,0.0,0.0,0.82,107.0,-3.75,Normal
-0.5,1.7,100.0,0.0,3.3,0.0,0.0,0.65,0.17,0.34,110.0,-2.5999999999999996,Snow
5.3,3.1,92.0,0.0,0.1,0.0,0.02,0.0,0.0,0.82,467.0,1.4499999999999997,Normal
5.7,4.3,89.0,0.0,0.0,0.0,0.35,0.0,0.0,0.7,110.0,2.4,Rain
0.2,0.3,100.0,1.0,4.2,0.0,0.08,0.06,0.09,0.68,112.0,-1.35,Rain
5.4,1.4,98.0,0.0,1.0,0.0,0.42,0.0,0.0,0.68,115.0,7.699999999999999,Rain
0.5,1.2,100.0,1.0,8.2,0.0,0.27,0.0,0.0,0.72,110.0,-2.1500000000000004,Rain
-1.9,1.3,68.0,0.0,0.0,0.0,0.1,0.0,0.0,0.8,400.0,0.4500000000000002,Rain
-1.7,4.0,100.0,4.0,4.5,6.0,0.0,0.18,0.28,0.15,125.0,-1.45,Snow
-3.2,3.7,92.0,4.0,4.0,0.0,0.0,1.27,0.04,0.36,110.0,-2.15,Snow
-8.9,2.8,64.0,4.0,0.0,0.0,0.0,0.0,0.0,0.82,105.0,-7.05,Snow
1.6,4.0,93.0,1.0,0.5,0.0,0.26,0.0,0.0,0.72,112.0,-0.1499999999999999,Rain
-1.1,2.5266066541022196,66.80652719155209,0.0,3.484766133160334,0.0,0.08306757528868944,0.16329236667938624,0.17680479149540407,0.3637272732729062,238.63561655457633,-5.227922998649125,Ice
-1.1,4.12539016079252,100.0,0.6785940793468488,0.0,0.0,0.04633218508476214,0.03115486320800051,0.12906314427968898,0.7169187164183579,105.28705811442741,-1.3,Ice
-2.6,1.6,68.0,0.0,0.0,0.0,0.0,0.0,0.0,0.82,400.0,0.4500000000000002,Rain
-3.1,2.5,93.0,4.0,1.9,0.0,0.43,0.0,0.0,0.68,110.0,-1.55,Snow
1.0,1.0,53.0,0.0,0.0,0.0,0.01,0.0,0.0,0.82,455.0,5.3500000000000005,Rain
5.6,2.5,97.0,0.0,1.3,0.0,0.31,0.0,0.0,0.7,112.0,1.2999999999999998,Rain
4.7,0.7,94.0,0.0,0.0,0.0,0.0,0.0,0.0,0.82,450.0,6.95,Normal
3.5,1.9,58.0,0.0,0.0,0.0,0.0,0.0,0.0,0.82,422.0,5.65,Normal
-12.5,7.6,45.0,0.0,0.0,0.0,0.0,0.0,0.0,0.82,530.0,-4.3999999999999995,Normal
-1.1,0.2856997192159265,58.16817049256923,2.1332725832795623,1.7265743393227917,0.0,0.0,0.3182069163502491,0.0027566047884215877,0.2740956562756461,250.8754350691442,-4.732559256996465,Ice
-8.1,1.6,64.0,0.0,0.0,0.0,0.0,0.0,0.0,0.82,387.0,-3.6,Normal
4.4,0.7,95.0,0.0,0.0,0.0,0.0,0.0,0.0,0.82,465.0,5.25,Normal
-16.7,2.3,32.0,0.0,0.0,0.0,0.0,0.0,0.0,0.82,417.0,-7.25,Normal
4.5,2.5,98.0,0.0,9.4,0.0,0.0,0.0,0.0,0.82,110.0,6.15,Rain
-10.334169987482653,0.49222468709952905,83.2712387395625,0.4506808213197694,4.950037394564888,0.0,0.04898027993681621,0.3130853801781769,0.00509423744322432,0.6108668685077339,151.03524978429078,-5.391022096415076,Ice
-3.2,3.4,98.0,4.0,2.7,5.0,0.0,0.36,0.18,0.28,107.0,-5.1499999999999995,Snow
-4.334852828682226,1.682234800087858,99.72813794288881,1.0501473576571758,2.6154026082844255,0.0,0.05917274826670997,0.06155734798432105,0.2473248199710977,0.32292637261388824,105.0,-8.722699918214207,Ice
-1.1,0.1,98.02901528783792,0.0,2.5245815799633404,0.0,0.0,0.07966551953635553,0.13295661048808813,0.13,105.0,-7.050680222673871,Ice
-6.5,2.0,60.0,0.0,0.0,0.0,0.0,0.0,0.0,0.82,396.0,-1.7,Normal
1.5,1.1,41.0,0.0,0.0,0.0,0.0,0.0,0.0,0.82,472.0,8.75,Normal
-3.4,4.3,88.0,4.0,2.5,5.0,0.09,0.0,0.0,0.8,110.0,-1.4,Snow
5.3,2.2,86.0,0.0,0.0,0.0,0.02,0.0,0.0,0.82,112.0,2.05,Rain
-0.7,4.1,96.0,4.0,0.8,7.0,1.26,0.0,0.0,0.57,112.0,-4.6000000000000005,Snow
-14.5,1.2,75.0,0.0,0.0,0.0,0.0,0.0,0.0,0.82,115.0,-12.5,Normal
-8.1,0.7,68.0,0.0,0.0,0.0,0.0,0.0,0.0,0.82,387.0,-2.8,Normal
-3.5,1.6,100.0,5.0,1.7,12.0,0.2,0.03,0.05,0.75,112.0,-2.6,Snow
-14.4,0.3,42.0,0.0,0.0,0.0,0.0,0.0,0.0,0.82,435.0,-3.9999999999999996,Normal
-4.4,1.7,99.0,4.0,1.0,12.0,0.0,0.87,0.02,0.37,112.0,-8.2,Snow
0.6,2.2,100.0,4.0,8.6,16.0,0.31,0.15,0.14,0.7,112.0,-3.25,Rain
-6.995397130794162,4.96002457690199,93.74381388652324,0.4807833698910058,0.1955078494832967,0.0,0.2228937995377957,0.10458452068573801,0.011615555775313618,0.3773900524311069,129.73731931863514,-4.90857894089307,Ice
-9.9,3.0,61.0,4.0,0.0,0.0,0.0,0.0,0.0,0.82,215.0,-6.3500000000000005,Snow
0.3,1.7,100.0,1.0,4.8,0.0,11.42,0.0,0.0,0.1,112.0,-2.75,Rain
-9.787762442093562,6.654943431862794,83.94904552525536,1.559879112085972,2.4282649876014855,0.0,0.14173852006594514,0.0,0.04974441554382,0.37334620511404204,105.0,-1.3,Ice
5.3,2.9,95.0,0.0,0.0,0.0,0.02,0.0,0.0,0.82,112.0,7.050000000000001,Rain
-8.7,4.6,59.0,0.0,0.0,0.0,0.0,0.0,0.0,0.82,117.0,-3.9,Normal
-9.6,1.6,65.0,0.0,0.0,0.0,0.0,0.0,0.0,0.82,110.0,-6.3999999999999995,Rain
-8.4,6.1,63.0,0.0,0.0,0.0,0.0,0.0,0.0,0.82,425.0,-2.65,Normal
-3.7,5.9,89.0,4.0,0.6,1.0,0.3,0.02,0.06,0.71,112.0,-1.55,Snow
4.9,3.3,94.0,0.0,2.7,0.0,0.32,0.0,0.0,0.7,112.0,-2.0,Rain
4.7,4.5,99.0,0.0,0.7,0.0,0.12,0.0,0.0,0.79,107.0,1.6,Rain
-4.268965539398019,4.339579736701305,92.37453242381054,2.0112854645607796,4.542603237258274,0.0,0.08059783539284168,0.1007655006577242,0.14217404474221207,0.4933610493037395,105.0,-7.578206935907192,Ice
-8.314227006500182,7.15419161473641,88.47889423666253,1.094967783081719,2.704538688666461,0.0,0.06931649815653554,0.19784372542857248,0.2692285495762231,0.5167393995072863,105.0,-2.459583890875199,Ice
2.3,0.7,98.0,0.0,1.8,0.0,0.09,0.0,0.0,0.8,109.0,5.3999999999999995,Rain
-1.1,1.3752196793822726,83.22646784944425,1.6640276097354887,0.0,0.0,0.25,0.17655124052745433,0.054627406672561836,0.18677524928902078,105.0,-1.3,Ice
-4.0,2.9,92.0,4.0,1.3,5.0,0.36,0.0,0.0,0.69,112.0,-1.95,Snow
-17.5,0.5,84.0,0.0,0.0,0.0,0.0,0.0,0.0,0.82,115.0,-9.5,Normal
6.1,4.1,87.0,0.0,0.0,0.0,0.12,0.0,0.0,0.79,112.0,2.5,Rain
-2.1,1.9,100.0,4.0,7.4,7.0,1.36,0.0,0.0,0.55,110.0,-2.1,Snow
-5.9,1.0,81.0,4.0,1.0,1.0,0.1,0.0,0.0,0.8,110.0,-3.4,Snow
5.0,1.8,93.0,0.0,0.1,0.0,0.08,0.0,0.0,0.81,112.0,1.4,Rain
-6.9,4.9,77.0,1.0,0.9,0.0,0.0,0.08,0.13,0.33,430.0,-3.4,Ice
2.6,2.1,98.0,0.0,7.1,0.0,0.62,0.0,0.0,0.65,112.0,-4.75,Rain
-8.7,0.3,63.0,0.0,0.8,0.0,0.0,0.0,0.0,0.82,420.0,-3.6,Normal
-15.9,3.6,32.0,0.0,0.0,0.0,0.0,0.0,0.0,0.82,440.0,-9.5,Normal
-2.0711146946986108,3.6763825763519598,68.25596643204004,1.3320677539203551,1.4838705045946783,0.0,0.07963683737516386,0.0,0.28311334153660855,0.6878380967486408,127.87999129844145,-11.283563505371966,Ice
5.4,4.2,97.0,0.0,2.3,0.0,0.21,0.0,0.0,0.74,115.0,0.7999999999999998,Rain
-6.3,7.1,78.0,1.0,0.7,0.0,0.0,0.0,0.0,0.82,110.0,-2.35,Rain
-13.499369372254732,0.1,81.97310656322992,0.0,1.3906779436567422,0.0,0.029089944182000088,0.2028175041823388,0.0,0.7110756416052184,208.3795001023022,-2.313285690459744,Ice
3.5,2.1,43.0,0.0,0.0,0.0,0.0,0.0,0.0,0.82,407.0,8.95,Normal
1.2,5.3,96.0,1.0,0.7,0.0,2.46,0.0,0.07,0.38,112.0,-1.65,Rain
0.1,1.0,100.0,4.0,6.4,4.0,0.03,0.95,0.1,0.37,112.0,-2.35,Snow
-6.658224495174974,2.8342077515813213,80.30367489721137,0.597161233819327,1.6187762583025818,0.0,0.0,0.06612826550344297,0.15506337424950117,0.6355748879317065,105.0,-12.755872478425513,Ice
-7.0,2.4,56.0,0.0,0.0,0.0,0.0,0.0,0.0,0.82,105.0,-1.4499999999999997,Rain
-13.4,0.8,66.0,0.0,0.0,0.0,0.0,0.0,0.0,0.82,461.0,-10.1,Normal
-2.2,1.3,99.0,4.0,1.5,10.0,0.44,0.02,0.05,0.68,110.0,-0.7499999999999999,Snow
-5.2,5.7,90.0,5.0,1.2,14.0,0.0,0.17,0.16,0.27,112.0,-1.8,Snow
-5.8,9.2,72.0,0.0,0.0,0.0,0.0,0.0,0.0,0.82,406.0,-3.05,Normal
-7.5,5.3,70.0,0.0,0.3,0.0,0.0,0.0,0.0,0.82,438.0,-3.0500000000000003,Normal
6.0,0.1,62.0,0.0,0.1,0.0,0.0,0.0,0.0,0.82,397.0,9.200000000000001,Normal
3.2,0.5,98.0,0.0,3.9,0.0,0.01,0.0,0.0,0.82,287.0,6.4,Rain
4.1,0.5,98.0,0.0,3.0,0.0,0.26,0.0,0.0,0.72,110.0,6.6,Rain
-5.7,4.6,92.0,5.0,2.7,19.0,0.0,0.15,0.12,0.36,110.0,-2.65,Snow
-1.5772631798303403,1.3840910146248384,100.0,2.213972929492086,0.09904798111992963,0.0,0.0,0.19720819339522533,0.10615228315026112,0.82,107.61425268047049,-13.436806985785392,Ice
-5.1,1.4,89.0,4.0,1.1,2.0,0.0,0.14,0.23,0.18,115.0,-1.7,Snow
-0.7,1.6,85.0,0.0,0.0,0.0,0.0,0.0,0.0,0.82,401.0,0.0,Rain
-1.1,4.194694297019563,90.02534134757478,1.8054032316791884,0.0,0.0,0.1681676138388631,0.0,0.1475806456383402,0.5894866991021228,105.0,-13.074463078251558,Ice
-14.3,0.9457842826008795,99.3373891740831,3.120361407917481,0.0681521215636054,0.0,0.17515042048354945,0.21969070975838395,0.07877829708163031,0.37522748219452196,105.0,-1.3,Ice
5.4,3.6,96.0,0.0,0.3,0.0,0.14,0.0,0.0,0.78,112.0,0.7999999999999998,Rain
3.1,2.0,96.0,1.0,0.9,0.0,0.09,0.0,0.0,0.8,110.0,0.050000000000000044,Rain
-2.2,1.6,100.0,1.0,1.7,0.0,0.07,0.15,0.18,0.29,112.0,-2.85,Snow
-10.5,5.7,56.0,0.0,0.0,0.0,0.0,0.0,0.0,0.82,442.0,-8.15,Normal
-15.4,0.5,45.0,0.0,0.0,0.0,0.0,0.0,0.0,0.82,375.0,-7.45,Rain
-10.289329316227711,5.669595655417842,82.56467617775539,0.9181063504090929,1.1272000699157427,0.0,0.15812791987755695,0.0,0.04675825181730255,0.7518670258309876,112.7992134534287,-4.7902457724559975,Ice
-9.3,3.8,62.0,0.0,0.1,0.0,0.0,0.0,0.0,0.82,412.0,-5.6000000000000005,Normal
6.3,1.8,58.0,0.0,0.0,0.0,0.0,0.0,0.0,0.82,395.0,9.3,Normal
-1.1,4.379235923882133,79.32969219205832,2.8366889665003776,2.8405960389414773,0.0,0.22851212507781654,0.34588723082941814,0.16632293264093068,0.3077030328235522,105.0,-1.3,Ice
5.1,3.4,92.0,0.0,0.0,0.0,0.07,0.0,0.0,0.81,112.0,0.19999999999999973,Rain
4.7,5.6,93.0,0.0,1.5,0.0,0.23,0.0,0.0,0.73,497.0,1.65,Normal
-2.8,5.2,100.0,5.0,3.3,6.0,0.0,0.22,0.46,0.11,110.0,-1.9000000000000001,Snow
-5.6,3.4,73.0,4.0,0.1,1.0,0.02,0.0,0.0,0.82,402.0,-2.6500000000000004,Rain
4.9,1.2,94.0,0.0,0.1,0.0,0.07,0.0,0.0,0.81,112.0,0.04999999999999982,Rain
-7.9125319319684735,5.08888749611313,75.08466650751507,1.327732704866241,0.0,0.0,0.2140868753052218,0.020263054975089068,0.069031493986246,0.4498058368975833,155.80311494463552,-1.3,Ice
1.6,1.3,49.0,0.0,0.0,0.0,0.01,0.0,0.0,0.82,122.0,5.65,Rain
-2.9,3.4,100.0,5.0,2.2,24.0,0.0,0.49,0.12,0.37,110.0,-1.7,Snow
-2.7,3.7,93.0,4.0,0.3,3.0,0.16,0.01,0.02,0.77,110.0,-2.15,Snow
-4.932886153509763,5.836162688403469,100.0,0.0,0.0,0.0,0.12336213414662302,0.0,0.23892225336492767,0.640508579917001,161.7012336525003,-4.892317013886683,Ice
-16.7,2.8,35.0,0.0,1.5,0.0,0.0,0.0,0.0,0.82,115.0,-3.0999999999999996,Rain
-12.7,5.7,47.0,0.0,0.0,0.0,0.0,0.0,0.0,0.82,438.0,-8.6,Normal
-8.1,2.2,49.0,0.0,0.1,0.0,0.0,0.0,0.0,0.82,432.0,-1.0,Normal
-3.1,2.8,70.0,0.0,0.0,0.0,0.0,0.0,0.0,0.82,390.0,-0.1499999999999999,Normal
-6.1,1.5,82.0,4.0,0.3,1.0,0.07,0.0,0.0,0.81,110.0,-3.25,Snow
-6.1,7.0,80.0,4.0,0.7,1.0,0.0,0.0,0.0,0.82,110.0,-2.35,Snow
-3.1437969350792923,2.702469327937457,88.44891887059642,0.5653040579771326,2.8217779540466426,0.0,0.0,0.07325364509297347,0.1112612109843449,0.82,152.5394242571736,-6.423091910916394,Ice
-14.0,0.3,73.0,0.0,0.0,0.0,0.0,0.0,0.0,0.82,440.0,-5.800000000000001,Normal
4.2,3.2,93.0,0.0,0.0,0.0,0.0,0.0,0.0,0.82,110.0,8.15,Normal
3.7,0.7,93.0,0.0,0.0,0.0,0.0,0.0,0.0,0.82,130.0,8.95,Normal
3.7,2.6,49.0,0.0,0.0,0.0,0.01,0.0,0.0,0.82,112.0,6.800000000000001,Normal
-16.5,3.9,31.0,0.0,0.0,0.0,0.0,0.0,0.0,0.82,112.0,-9.4,Rain
-8.8,5.7,67.0,4.0,0.0,0.0,0.0,0.0,0.0,0.82,442.0,-3.4499999999999997,Snow
-7.675588449883415,2.4166385736331915,86.68633571684431,0.3201785269367343,0.0,0.0,0.041031860506695425,0.08945392619452863,0.166638565641487,0.36039231357531853,105.0,-2.045951202655772,Ice
4.7,6.2,98.0,0.0,1.8,0.0,0.0,0.0,0.0,0.82,110.0,0.5,Rain
5.1,5.6,92.0,0.0,3.8,0.0,0.32,0.0,0.0,0.7,109.0,1.15,Rain
2.3,2.2,46.0,0.0,0.0,0.0,0.0,0.0,0.0,0.82,562.0,6.25,Normal
4.4,3.4,98.0,0.0,0.7,0.0,0.22,0.0,0.0,0.74,110.0,1.0499999999999998,Rain
6.0,2.3,93.0,0.0,7.4,0.0,0.25,0.0,0.0,0.72,110.0,1.8,Rain
2.1,0.5,94.0,0.0,0.0,0.0,0.26,0.0,0.0,0.72,112.0,1.05,Rain
-7.80903897994571,0.1,77.5071218730007,0.0,4.148827251345423,0.0,0.21761450505445662,0.0,0.15623987557186814,0.5691605676491488,105.0,-7.673133791126515,Ice
-6.9,8.3,69.0,4.0,0.0,0.0,0.0,0.0,0.0,0.82,427.0,-2.55,Snow
3.7,5.4,84.0,0.0,4.6,0.0,0.35,0.0,0.0,0.7,112.0,1.25,Rain
-6.082197840150441,3.2838983190979096,89.93050601924935,0.0,0.22295041797689485,0.0,0.11964493837271048,0.0,0.0,0.6336870502308524,272.76630267935644,-2.5270881942760353,Ice
5.5,3.1,100.0,0.0,0.1,0.0,0.14,0.0,0.0,0.78,110.0,1.2000000000000002,Rain
-4.8,3.8,91.0,4.0,0.4,2.0,0.14,0.0,0.0,0.78,110.0,-6.2,Snow
5.8,1.6,66.0,0.0,0.0,0.0,0.0,0.0,0.0,0.82,112.0,8.6,Normal
3.2,1.9,100.0,0.0,9.1,0.0,0.46,0.01,0.02,0.67,109.0,-4.75,Rain
-10.802809530764927,0.9310914970165785,69.1168454827617,1.2758495831343277,2.381574258570778,0.0,0.03545443414013135,0.26101109854250226,0.2101048068319875,0.82,135.95036895695648,-1.3,Ice
-1.1,3.2293483493058717,100.0,2.169971065607558,4.35726579952939,0.0,0.0,0.08243251724992141,0.1124800426631958,0.4630885056066178,274.9267709569077,-4.4299506218136955,Ice
3.7,1.3,90.0,0.0,0.0,0.0,0.01,0.0,0.0,0.82,395.0,4.7,Rain
-18.6,0.2,34.0,0.0,0.0,0.0,0.0,0.0,0.0,0.82,405.0,-5.9,Normal
-5.6,4.0,86.0,4.0,1.9,2.0,0.23,0.0,0.0,0.73,112.0,-3.3,Snow
1.0,0.8,67.0,0.0,0.0,0.0,0.01,0.0,0.0,0.82,460.0,5.7,Rain
-4.6,5.8,86.0,4.0,0.2,1.0,0.0,0.02,0.01,0.81,109.0,-1.7500000000000002,Snow
-3.6,5.9,87.0,4.0,0.9,0.0,0.27,0.0,0.0,0.72,115.0,-1.0,Snow
-1.1,3.226149812562904,84.61868387621874,3.432337450915888,1.9620186955770935,0.0,0.21022056631884245,0.05937729508631486,0.12380562350931176,0.28199971380720207,232.39317561355034,-5.598506372442412,Ice
-3.4,3.0,98.0,6.0,2.6,25.0,0.0,0.24,0.35,0.13,110.0,-1.7999999999999998,Snow
3.5,2.0,87.0,0.0,0.0,0.0,0.0,0.0,0.0,0.82,492.0,9.2,Normal
-10.4,5.0,55.0,4.0,0.0,0.0,0.0,0.0,0.0,0.82,462.0,-7.699999999999999,Snow
-13.9,3.1,40.0,0.0,1.0,0.0,0.0,0.0,0.0,0.82,122.0,-5.2,Normal
5.9,5.2,100.0,0.0,0.3,0.0,0.16,0.0,0.0,0.77,107.0,-0.2999999999999998,Rain
5.6,2.7,90.0,0.0,0.0,0.0,0.17,0.0,0.0,0.76,112.0,2.5,Rain
5.3,1.4,95.0,0.0,0.3,0.0,0.27,0.0,0.0,0.72,110.0,7.4,Rain
-13.9,0.3,87.0,0.0,0.4,0.0,0.0,0.0,0.0,0.82,477.0,-9.6,Normal
5.8,2.5,100.0,0.0,0.1,0.0,0.06,0.0,0.0,0.81,112.0,0.8500000000000001,Rain
-2.3,1.9,100.0,4.0,6.4,6.0,0.0,0.8,0.1,0.37,347.0,-7.4,Snow
-8.189963832309386,0.1,100.0,2.567668363045741,3.2330968890900103,0.0,0.17222690676248448,0.0,0.09780804132707878,0.30587226990855004,105.0,-5.389750578386048,Ice
-1.1,4.822049437411351,100.0,2.4437271192394476,5.746852074782117,0.0,0.07515959801914923,0.05407921818412354,0.07712280471452497,0.6080775550933061,204.45338402468192,-3.227445735176026,Ice
0.7,1.6,100.0,0.0,0.1,0.0,0.0,0.0,0.0,0.82,112.0,-0.6,Rain
5.1,3.2,99.0,0.0,3.5,0.0,0.25,0.0,0.0,0.73,112.0,-1.7500000000000004,Rain
-13.8,1.9,57.0,0.0,0.0,0.0,0.0,0.0,0.0,0.82,419.0,-9.6,Normal
-2.6,4.5,95.0,4.0,6.1,0.0,0.78,0.0,0.0,0.64,112.0,-2.3000000000000003,Snow
7.9,1.0,66.0,0.0,0.4,0.0,0.0,0.0,0.0,0.82,112.0,9.049999999999999,Rain
-6.159845991228548,2.4045502696286736,59.90443723115808,0.0,0.0,0.0,0.1981350418504345,0.2738694029450558,0.0,0.13,105.0,-4.934054774627263,Ice
4.0,3.8,94.0,0.0,3.4,0.0,0.36,0.0,0.0,0.69,112.0,-2.5999999999999996,Rain
-7.7,4.0,72.0,4.0,0.1,1.0,0.0,0.0,0.0,0.82,464.0,-4.2,Snow
5.5,3.7,99.0,0.0,11.2,0.0,0.24,0.0,0.0,0.73,112.0,0.8500000000000001,Rain
4.3,1.0,57.0,0.0,0.0,0.0,0.0,0.0,0.0,0.82,440.0,6.6,Normal
-2.8,0.9,70.0,0.0,0.0,0.0,0.0,0.0,0.0,0.82,110.0,-0.10000000000000009,Rain
-2.421458929698838,1.3085410003341087,75.18660919119739,1.2791154291790057,2.103331321591047,0.0,0.07866963593829082,0.08530841571669787,0.06021113830550914,0.5108909036032545,105.0,-2.3578600997374983,Ice
3.2,0.9,100.0,1.0,10.4,0.0,0.23,0.0,0.0,0.73,110.0,-0.09999999999999987,Rain
-16.6,0.3,38.0,0.0,0.0,0.0,0.0,0.0,0.0,0.82,407.0,-5.5,Normal
-6.3,2.1,69.0,0.0,0.0,0.0,0.01,0.0,0.0,0.82,110.0,-2.95,Normal
5.1,2.8,95.0,0.0,6.7,0.0,0.35,0.0,0.0,0.7,112.0,0.6000000000000001,Rain
-1.1,0.9,70.0,0.0,0.0,0.0,0.05,0.0,0.0,0.82,110.0,0.55,Rain
1.2,1.3,100.0,1.0,10.2,0.0,0.42,0.0,0.0,0.68,112.0,-2.0500000000000003,Rain
4.9,2.5,94.0,0.0,0.0,0.0,0.23,0.0,0.0,0.73,112.0,1.5,Rain
0.3,3.2,34.0,0.0,0.0,0.0,0.0,0.0,0.0,0.82,407.0,9.299999999999999,Normal
-2.8,7.2,95.0,4.0,3.4,2.0,0.0,0.71,0.12,0.37,110.0,-2.1,Snow
-11.224605053306218,0.6567008731775479,86.7611987085502,1.355858244791704,1.242050796713875,0.0,0.0,0.0,0.1773726896815715,0.21129931496694104,126.30719342860719,-5.847346316461305,Ice
5.1,2.1,100.0,0.0,0.3,0.0,0.0,0.0,0.0,0.82,112.0,7.0,Rain
0.2,1.6,73.0,0.0,0.0,0.0,0.1,0.0,0.0,0.8,112.0,1.15,Rain
6.3,1.1,88.0,0.0,0.0,0.0,0.0,0.0,0.0,0.82,112.0,9.149999999999999,Rain
-5.6,7.1,73.0,4.0,0.0,0.0,0.0,0.0,0.0,0.82,397.0,-2.95,Snow
4.1,1.2,98.0,0.0,0.4,0.0,0.17,0.0,0.0,0.76,110.0,6.550000000000001,Rain
-16.0,0.9,38.0,0.0,0.0,0.0,0.0,0.0,0.0,0.82,443.0,-4.3500000000000005,Normal
-13.059879617807157,0.5532802090505471,91.38949186253947,1.477433529612229,0.0,0.0,0.1503811304112932,0.3177580505158236,0.318926518981411,0.82,207.77970408918424,-1.3,Ice
3.0,2.8,99.0,0.0,8.8,0.0,0.43,0.0,0.0,0.68,112.0,-4.050000000000001,Rain
-6.349219519176698,0.1,70.27276447526877,3.653226801937114,0.46442166376366445,0.0,0.06644304954605888,0.0,0.0,0.6103158092340086,105.0,-3.5391064572011226,Ice
-10.53822884505841,0.7038476044439395,94.6336060387531,0.9649251349256721,2.1984443700497738,0.0,0.16018863323111243,0.0,0.07108425482470257,0.6586571499811924,186.75158059296822,-2.529998362081082,Ice
-12.5,1.2,45.0,0.0,0.0,0.0,0.0,0.0,0.0,0.82,110.0,-4.5,Normal
-4.4156668402439285,3.8343481668650847,100.0,3.0140599601268363,2.071864299946697,0.0,0.14393726673801482,0.1513012670010734,0.2252038332895486,0.4666337247700905,197.21710223847737,-3.8580973608012332,Ice
-5.148343561584741,5.265855225635851,93.36640269738274,2.79953968382487,3.3699740809600796,0.0,0.029197269559076484,0.32024632256352675,0.0,0.4044550585454513,105.0,-4.139851964367989,Ice
7.0,0.8,64.0,0.0,0.0,0.0,0.0,0.0,0.0,0.82,395.0,8.65,Normal
3.5,1.0,98.0,0.0,0.1,0.0,0.09,0.0,0.0,0.8,112.0,1.3499999999999999,Rain
6.7,2.8,93.0,0.0,0.0,0.0,0.02,0.0,0.0,0.82,307.0,9.9,Rain
3.8,2.1,51.0,0.0,0.0,0.0,0.0,0.0,0.0,0.82,377.0,6.8,Rain
-1.1,4.228956717366412,87.39895372173457,0.3571328134375382,3.0413469900541594,0.0,0.04373374933550964,0.1051414859830802,0.12701195032076473,0.6656218943539305,170.84836189806083,-1.3,Ice
2.4,2.6,74.0,0.0,0.0,0.0,0.0,0.0,0.0,0.82,470.0,5.699999999999999,Normal
-3.7,5.3,95.0,5.0,4.6,10.0,0.0,0.34,0.25,0.2,112.0,-2.0500000000000003,Snow
-7.593609216697027,3.3323629612923193,97.9544301697841,1.5562322492747875,0.0,0.0,0.0,0.026315115966687563,0.015189994107787347,0.6032736258826112,105.0,-8.654215764600561,Ice
7.2,0.3,83.0,0.0,0.0,0.0,0.0,0.0,0.0,0.82,430.0,8.8,Normal
-12.2,0.3,46.0,0.0,0.1,0.0,0.0,0.0,0.0,0.82,420.0,-3.1,Normal
0.8,2.9,92.0,1.0,1.0,0.0,0.09,0.0,0.0,0.8,107.0,-1.0,Rain
-5.4,6.7,77.0,4.0,0.3,0.0,0.0,0.0,0.0,0.82,110.0,-2.3000000000000003,Snow
6.5,1.2,76.0,0.0,0.0,0.0,0.0,0.0,0.0,0.82,385.0,8.35,Normal
-18.0,0.5,84.0,0.0,0.0,0.0,0.0,0.0,0.0,0.82,505.0,-11.05,Normal
-1.6,1.3,96.0,4.0,3.5,0.0,0.01,0.11,0.15,0.29,109.0,-5.449999999999999,Ice
4.5,1.0,98.0,0.0,1.9,0.0,0.12,0.0,0.0,0.79,112.0,7.3,Rain
3.8,3.2,100.0,0.0,6.9,0.0,0.4,0.0,0.0,0.69,110.0,-4.550000000000001,Rain
-4.6,4.0,92.0,5.0,1.2,3.0,0.33,0.04,0.04,0.7,112.0,-3.15,Snow
-3.5,2.8,90.0,4.0,4.6,0.0,0.17,0.0,0.0,0.76,112.0,-2.25,Rain
4.9,2.8,94.0,0.0,0.9,0.0,0.12,0.0,0.0,0.79,105.0,7.35,Rain
0.2,1.7,85.0,0.0,0.0,0.0,0.02,0.0,0.0,0.82,470.0,-0.30000000000000027,Normal
3.2,1.4,98.0,0.0,0.0,0.0,0.01,0.0,0.0,0.82,395.0,5.3999999999999995,Rain
7.4,1.0,60.0,0.0,0.0,0.0,0.0,0.0,0.0,0.82,117.0,9.0,Rain
-24.2,0.2,81.0,0.0,0.0,0.0,0.0,0.52,0.02,0.38,420.0,-16.3,Normal
-17.8,4.6,31.0,0.0,0.0,0.0,0.0,0.0,0.0,0.82,417.0,-11.15,Normal
-1.1,1.5,72.0,1.0,0.0,0.0,0.0,0.0,0.0,0.82,110.0,0.7,Normal
-14.6,2.7,39.0,0.0,0.0,0.0,0.0,0.0,0.0,0.82,427.0,-6.25,Normal
0.3,1.7,100.0,1.0,2.0,0.0,0.33,0.0,0.0,0.7,110.0,-2.55,Rain
6.4,1.9,61.0,0.0,0.0,0.0,0.0,0.0,0.0,0.82,400.0,9.8,Normal
3.6,4.5,99.0,1.0,1.8,0.0,0.47,0.0,0.0,0.67,110.0,-0.25,Rain
-1.1,1.4749613696096158,84.6187343201396,2.2333637030351516,1.6156970219062465,0.0,0.11170775409196437,0.2417641828873719,0.292060392109462,0.6042589082111718,144.16467926916056,-6.526213179924686,Ice
5.8,4.6,89.0,0.0,0.0,0.0,0.03,0.0,0.0,0.82,112.0,2.05,Rain
-1.1,0.1,81.39627435494239,0.0,0.2254948044320888,0.0,0.07944326355002017,0.06002981668333526,0.05212487332980327,0.13,208.46766918440744,-1.3,Ice
-13.6,0.8,42.0,0.0,0.3,0.0,0.0,0.0,0.0,0.82,487.0,-3.75,Normal
4.8,3.2,90.0,0.0,0.1,0.0,0.28,0.0,0.0,0.71,115.0,-0.04999999999999982,Rain
-13.0,3.4,47.0,0.0,0.0,0.0,0.0,0.0,0.0,0.82,482.0,-6.8,Normal
5.9,4.3,98.0,0.0,0.1,0.0,0.02,0.0,0.0,0.82,110.0,7.5,Rain
-6.2,1.8,93.0,4.0,1.0,1.0,0.0,1.74,0.02,0.35,110.0,-15.799999999999999,Snow
-1.3299261115845966,2.8187872626393293,85.2035254278603,1.6589433179367103,2.357463205188257,0.0,0.09752833716199927,0.02794987631828913,0.08905274625169915,0.5372671433205396,170.8692848186145,-1.937799552453054,Ice
5.8,1.5,100.0,0.0,10.4,0.0,0.19,0.0,0.0,0.75,162.0,1.0499999999999998,Rain
2.4,1.5,97.0,0.0,4.9,0.0,0.01,0.0,0.0,0.82,110.0,5.949999999999999,Rain
-15.8,3.3,34.0,0.0,0.0,0.0,0.0,0.0,0.0,0.82,112.0,-7.6,Normal
-3.0,4.9,93.0,4.0,1.1,4.0,0.19,0.0,0.0,0.75,110.0,-1.4,Snow
3.5,1.0,100.0,1.0,8.9,0.0,0.37,0.0,0.0,0.69,112.0,-2.1,Rain
-6.5,2.0,79.0,0.0,0.1,0.0,0.0,0.0,0.0,0.82,460.0,-3.55,Rain
-6.851353219892024,0.7030350424466212,89.62670331611473,0.9009828360157454,0.0,0.0,0.0,0.04895473746159092,0.0,0.6382242346600135,189.66305982401215,-8.517943727888312,Ice
-13.8,2.8,35.0,0.0,0.1,0.0,0.0,0.0,0.0,0.82,417.0,-2.75,Normal
-6.1,3.3,62.0,0.0,0.0,0.0,0.0,0.0,0.0,0.82,405.0,-0.5,Normal
-3.4,2.7,97.0,5.0,1.5,7.0,0.0,0.36,0.1,0.38,430.0,-3.2,Snow
5.8,3.3,88.0,0.0,0.0,0.0,0.04,0.0,0.0,0.82,112.0,2.2499999999999996,Rain
0.0,1.1,99.0,4.0,1.5,5.0,0.04,0.23,0.2,0.23,110.0,-2.1,Snow
-8.5,5.6,62.0,4.0,0.1,0.0,0.0,0.0,0.0,0.82,115.0,-2.95,Rain
-7.1,5.8,74.0,4.0,0.1,2.0,0.0,0.0,0.0,0.82,415.0,-5.1,Snow
5.0,4.1,100.0,0.0,4.2,0.0,0.29,0.0,0.0,0.71,110.0,-2.15,Rain
3.0,2.6,93.0,0.0,13.2,0.0,0.35,0.0,0.0,0.7,110.0,1.15,Rain
-1.5525975255910995,0.7772977100343108,100.0,0.0,2.2945128052900765,0.0,0.1554809618501613,0.0,0.0615945901366365,0.46299700617181755,136.45749192450862,-1.3,Ice
-15.5,0.4,75.0,0.0,0.0,0.0,0.0,0.0,0.0,0.82,115.0,-7.15,Normal
-12.2,2.2,44.0,0.0,0.0,0.0,0.0,0.0,0.0,0.82,400.0,-5.2,Normal
-16.8,1.8,30.0,0.0,1.4,0.0,0.0,0.0,0.0,0.82,440.0,-3.9499999999999997,Normal
-5.8,1.3,63.0,0.0,0.0,0.0,0.0,0.0,0.0,0.82,412.0,-1.75,Normal
-7.2,5.4,75.0,4.0,0.4,2.0,0.24,0.0,0.0,0.73,112.0,-2.95,Snow
-5.4,9.4,80.0,4.0,0.1,0.0,0.12,0.0,0.0,0.79,110.0,-2.25,Snow
-8.005271831859663,2.6452326063303833,70.74439485221875,1.623443269115822,0.0,0.0,0.009288720820432368,0.22229150691564328,0.1435809294646277,0.82,166.46039942367133,-7.100759554990528,Ice
5.3,5.1,91.0,0.0,0.1,0.0,0.0,0.0,0.0,0.82,110.0,1.3499999999999996,Rain
4.8,6.4,99.0,0.0,0.4,0.0,0.06,0.0,0.0,0.81,112.0,-1.0500000000000003,Rain
1.4,0.7,50.0,0.0,0.0,0.0,0.0,0.0,0.0,0.82,450.0,6.2,Normal
-15.8,0.4,43.0,0.0,0.0,0.0,0.0,0.0,0.0,0.82,112.0,-5.9,Normal
-11.4,0.4,69.0,0.0,0.4,0.0,0.0,0.0,0.0,0.82,467.0,-9.6,Rain
5.6,2.1,84.0,0.0,0.0,0.0,0.0,0.0,0.0,0.82,112.0,9.25,Rain
5.3,4.6,92.0,0.0,1.7,0.0,0.43,0.0,0.0,0.68,112.0,-0.30000000000000027,Rain
-7.807435025028534,3.780140194297589,98.3745908446011,2.0796391816030524,2.0851922176042956,0.0,0.07487983765470424,0.27798252311336313,0.09475174981141421,0.82,105.0,-3.388708213987259,Ice
3.8,4.7,98.0,0.0,0.7,0.0,0.24,0.0,0.0,0.73,110.0,1.0499999999999998,Rain
-12.1,0.9,47.0,0.0,0.0,0.0,0.0,0.0,0.0,0.82,411.0,-3.6,Normal
-10.3,0.2,70.0,0.0,0.0,0.0,0.0,0.0,0.0,0.82,420.0,-3.8999999999999995,Normal
-15.1,3.1,41.0,0.0,0.0,0.0,0.0,0.0,0.0,0.82,443.0,-3.7,Normal
-4.127080452393164,3.907533376223185,88.00371313858857,1.6354234785566937,3.8941260882604842,0.0,0.05230627432660859,0.03188361638720001,0.17538550882976842,0.22052333113897793,232.86157313868307,-1.3,Ice
-6.254327266789868,2.2307945796151425,100.0,1.8065558303195761,2.1595661674845754,0.0,0.0,0.0099151175826339,0.0,0.774586161745083,233.23768728993508,-1.3,Ice
-5.664833667549919,2.9208671139519815,91.7639729525507,1.4583656302248909,2.34091313195914,0.0,0.09815663794130433,0.13633855085356184,0.12225518148584447,0.3936104768858607,105.0,-4.900809257747833,Ice
-9.856294439678097,0.1,82.3351921416752,0.0,1.554055677882628,0.0,0.0,0.2435211257609079,0.2696585258356792,0.654497356440478,105.0,-1.969459856408979,Ice
7.1,2.2,72.0,0.0,0.0,0.0,0.0,0.0,0.0,0.82,427.0,9.45,Normal
-3.9,3.2,90.0,4.0,3.2,2.0,0.23,0.0,0.0,0.73,112.0,-1.8499999999999999,Snow
5.9,1.9,89.0,0.0,0.4,0.0,0.16,0.0,0.0,0.77,112.0,8.4,Rain
-17.9,3.0,31.0,0.0,0.0,0.0,0.0,0.0,0.0,0.82,115.0,-12.049999999999999,Normal
-8.7,0.3,63.0,0.0,0.8,0.0,0.0,0.0,0.0,0.82,420.0,-3.6,Normal
-3.6,3.2,100.0,4.0,0.8,14.0,0.0,0.13,0.15,0.3,112.0,-2.75,Snow
0.4,2.7,77.0,0.0,0.0,0.0,0.03,0.0,0.0,0.82,109.0,1.8000000000000003,Rain
-9.5,1.7,66.0,0.0,0.0,0.0,0.0,0.0,0.0,0.82,445.0,-3.2,Normal
-2.8,4.5,90.0,4.0,1.5,0.0,0.14,0.0,0.0,0.78,107.0,-1.5999999999999999,Snow
3.2,1.7,87.0,0.0,0.1,0.0,0.0,0.0,0.0,0.82,112.0,8.95,Rain
-11.233154356730598,5.840299365888294,74.5031976265905,0.18600982588754267,2.8623784454199592,0.0,0.0,0.0,0.11776781653939733,0.6364667591300683,164.27369447669776,-3.0737927351807217,Ice
-26.7,2.3,74.0,0.0,0.0,0.0,0.0,0.0,0.0,0.82,430.0,-18.7,Normal
-3.2,4.4,87.0,4.0,5.2,0.0,0.23,0.0,0.0,0.73,110.0,-1.65,Snow
2.0,2.2,98.0,1.0,2.7,0.0,0.48,0.0,0.0,0.67,112.0,-1.6,Rain
-9.985868043507306,0.1,79.96408113411343,3.560940640974678,3.6219380778884673,0.0,0.15160114744133057,0.0,0.11091429865012403,0.438383056309651,105.0,-8.806031480673333,Ice
2.3,0.7,62.0,0.0,0.0,0.0,0.01,0.0,0.0,0.82,107.0,5.8,Rain
-1.2818039092962543,2.830752721150875,73.54387418360596,1.4746770452266715,2.905446081863335,0.0,0.055480332346199604,0.15074325254800033,0.08693368655478027,0.5642873385761644,118.52817705676682,-4.5083987389065525,Ice
-2.0,7.1,98.0,4.0,6.2,10.0,0.13,0.11,0.14,0.62,112.0,-1.55,Snow
-2.4,2.9,68.0,0.0,0.0,0.0,0.07,0.0,0.0,0.81,112.0,0.34999999999999987,Rain
-2.8630000174969266,4.058096079640347,64.69542096122973,0.3792203562432369,2.309870765428221,0.0,0.06451428328823999,0.0,0.3548067479549585,0.4226982990484094,105.0,-1.6057582324415152,Ice
-17.7,0.5,49.0,0.0,0.0,0.0,0.0,0.0,0.0,0.82,405.0,-7.45,Normal
-5.5,3.2,76.0,4.0,0.0,0.0,0.0,0.0,0.0,0.82,112.0,-6.6,Snow
2.8,1.7,43.0,0.0,0.0,0.0,0.0,0.0,0.0,0.82,110.0,8.25,Rain
-6.862377571016243,0.1,81.29908859621858,3.2018876992916265,1.0460584608625503,0.0,0.07491981159844582,0.0,0.11175614246211663,0.735172455749999,243.41370645278764,-9.019144349086382,Ice
-15.3,5.0,39.0,0.0,0.0,0.0,0.0,0.0,0.0,0.82,435.0,-2.9000000000000004,Normal
-14.8,3.7,36.0,0.0,0.0,0.0,0.0,0.0,0.0,0.82,112.0,-9.25,Normal
-8.742327990305238,4.104352516378141,72.40459788966314,1.454159480794891,0.0,0.0,0.06403044619076888,0.31711137542506324,0.1640901776375429,0.4173103255610329,210.34874911192423,-1.4821460704329206,Ice
4.5,0.3,59.0,0.0,0.0,0.0,0.0,0.0,0.0,0.82,472.0,8.65,Normal
-6.45883811163694,1.6290302681610656,97.86003635579357,2.7069205802646605,2.5821073318949144,0.0,0.00428489106247773,0.0,0.07584801150363679,0.82,155.12843535291032,-7.416409113586608,Ice
-3.0,1.8,100.0,4.0,0.7,4.0,0.0,0.19,0.19,0.23,109.0,-1.65,Snow
-19.3,1.7,32.0,0.0,0.0,0.0,0.0,0.0,0.0,0.82,525.0,-8.65,Normal
-17.0,4.7,30.0,0.0,0.0,0.0,0.0,0.0,0.0,0.82,425.0,-7.6000000000000005,Normal
-7.5,4.1,92.0,4.0,3.8,4.0,0.0,0.62,0.04,0.38,112.0,-14.600000000000001,Snow
4.9,0.8,83.0,0.0,0.0,0.0,0.0,0.0,0.0,0.82,112.0,8.85,Rain
4.7,2.4,90.0,0.0,0.0,0.0,0.0,0.0,0.0,0.82,115.0,7.35,Rain
-4.2,3.4,92.0,4.0,2.5,5.0,0.47,0.02,0.08,0.67,142.0,-1.55,Snow
-18.8,2.0,28.0,0.0,0.0,0.0,0.0,0.0,0.0,0.82,422.0,-11.6,Normal
-8.258033051110495,1.0154734077638272,100.0,1.6023717521280727,2.088555821190302,0.0,0.0,0.12844939764286373,0.0,0.13,105.0,-1.3,Ice
-6.85646999134194,6.9196860981173405,79.08000725938888,2.725341226128256,0.0,0.0,0.13528508562988056,0.003812963766739799,0.06619257343998715,0.6873225047878563,105.08317365751745,-1.3,Ice
5.4,3.7,88.0,0.0,0.0,0.0,0.02,0.0,0.0,0.82,109.0,1.75,Rain
-3.8154841498872543,2.739554489882871,94.47305050175036,0.4907347159792078,1.5494128155540259,0.0,0.24230401913323352,0.024132423014148446,0.11956950738651001,0.82,145.1474465834308,-5.866646710298074,Ice
4.7,1.3,93.0,0.0,0.7,0.0,0.34,0.0,0.0,0.7,112.0,7.5,Rain
-9.96000401196773,0.1,99.05833381447354,1.9457018263333583,0.0,0.0,0.05098226067941057,0.39635299626457,0.24979562355901536,0.6572745520812999,126.03246526800189,-1.6863169447069963,Ice
-5.7,7.6,72.0,4.0,0.0,0.0,0.0,0.0,0.0,0.82,392.0,-2.65,Snow
7.0,0.8,72.0,0.0,0.0,0.0,0.0,0.0,0.0,0.82,383.0,8.35,Rain
-2.9,3.7,90.0,4.0,3.3,2.0,0.12,0.0,0.0,0.79,110.0,-1.4,Snow
-4.4,4.9,89.0,4.0,1.8,0.0,0.57,0.0,0.0,0.66,110.0,-1.6500000000000001,Snow
-1.3210933728589178,4.011451538906318,100.0,0.0,3.2396136240313123,0.0,0.012870058943449995,0.13712282678237026,0.22652960221650137,0.3475868460434395,164.7857198158669,-1.3,Ice
-3.5,2.9,94.0,4.0,0.2,2.0,0.15,0.0,0.0,0.77,110.0,-1.5,Snow
-1.4318680517247189,3.9132417413026417,85.53754143403127,1.2129272772630824,0.0,0.0,0.11801271170226725,0.2264286086620131,0.30461708878073246,0.82,197.71697990257275,-4.025800842202867,Ice
5.5,2.4,98.0,0.0,6.5,0.0,0.28,0.0,0.0,0.71,110.0,0.10000000000000009,Rain
-8.8,5.9,66.0,4.0,0.0,0.0,0.0,0.0,0.0,0.82,112.0,-6.7,Snow
-13.4,0.9,63.0,0.0,0.7,0.0,0.0,0.0,0.0,0.82,115.0,-7.5,Normal
-0.8,2.0,100.0,4.0,6.3,1.0,0.0,0.13,0.08,0.51,112.0,-6.75,Snow
5.6,2.9,92.0,0.0,0.0,0.0,0.04,0.0,0.0,0.82,112.0,1.6,Rain
-12.103335483048507,5.54613182154122,100.0,3.4575664235171724,1.2800119478824752,0.0,0.1487348153301926,0.25058849948411926,0.07682617333667811,0.7363074595241568,105.0,-5.39321500794307,Ice
-0.8,3.0,96.0,1.0,2.3,0.0,0.49,0.0,0.0,0.67,112.0,-6.949999999999999,Rain
-0.2,3.8,98.0,2.0,1.6,0.0,0.41,0.0,0.0,0.68,112.0,-4.45,Rain
-8.425245304521724,0.8457088489971534,61.14010936031481,0.48992735934930853,0.6400544572906354,0.0,0.14725756659277822,0.3049650355527145,0.05483611015666828,0.82,105.0,-8.694545770159234,Ice
-5.125247512172392,1.584641692080528,68.90850410589756,1.549243067510483,1.7711437104723269,0.0,0.245826201964094,0.28312953312510436,0.16989770777118118,0.502053470997085,137.92676953190968,-9.215886370225256,Ice
-0.4,2.7,93.0,1.0,2.0,0.0,0.33,0.02,0.03,0.7,110.0,-3.0500000000000003,Rain
-8.1,1.0,59.0,0.0,0.0,0.0,0.0,0.0,0.0,0.82,210.0,-3.3000000000000003,Rain
-1.9,1.8,67.0,0.0,0.0,0.0,0.0,0.0,0.0,0.82,402.0,1.05,Normal
-3.2784681393772876,0.1,93.36039346096153,0.32143149800565074,1.142808349424722,0.0,0.08370560215096233,0.1726018526633729,0.05895376145011866,0.82,182.73253445377767,-2.2887235897345644,Ice
-4.270950218368066,4.0023545415097646,93.04440792114276,0.8192871277956053,0.5617727800713015,0.0,0.0,0.27224861887988544,0.19891127084155638,0.5778042622833615,105.0,-14.15,Ice
-8.2,0.3,78.0,0.0,0.0,0.0,0.0,0.0,0.0,0.82,414.0,-5.0,Normal
3.5,0.8,100.0,0.0,4.4,0.0,0.23,0.0,0.0,0.73,112.0,4.35,Rain
-3.6,2.8,97.0,5.0,1.0,6.0,0.0,0.18,0.15,0.3,112.0,-2.2,Snow
-3.556610609287803,3.788186178202318,100.0,1.0997151296589602,5.5078485833973145,0.0,0.05790909777191077,0.09837682092666653,0.13129570007528363,0.25722817527525815,105.0,-8.223894191399742,Ice
2.6,0.4,51.0,0.0,0.0,0.0,0.0,0.0,0.0,0.82,445.0,7.6,Normal
-4.2,1.6,96.0,4.0,0.7,1.0,0.0,0.26,0.12,0.36,112.0,-2.65,Snow
-5.6,6.0,89.0,4.0,0.2,1.0,0.03,0.06,0.05,0.66,112.0,-4.05,Snow
-6.698323972351556,6.10203111906808,80.33770600119959,0.30726585662848616,4.3733791524957075,0.0,0.1140941419789197,0.31383195057727764,0.3074359985607437,0.40709861455448565,152.13872253600857,-13.709158127218092,Ice
-17.2,1.0,35.0,0.0,0.0,0.0,0.0,0.0,0.0,0.82,110.0,-5.5,Normal
-1.1,2.1141039702903446,97.23259832805326,0.0,2.512579715367555,0.0,0.15644105715508871,0.0,0.07014023242661818,0.3614786601111236,248.38825536091596,-5.99561618914022,Ice
1.3,2.5,100.0,1.0,7.0,0.0,0.11,0.07,0.1,0.76,400.0,-4.0,Snow
5.2,4.1,96.0,0.0,2.8,0.0,0.26,0.0,0.0,0.72,105.0,0.0,Rain
5.8,0.8,71.0,0.0,0.0,0.0,0.0,0.0,0.0,0.82,410.0,8.2,Normal
-13.9,0.5,72.0,0.0,0.0,0.0,0.0,0.0,0.0,0.82,427.0,-12.7,Normal
-0.3,3.1,93.0,0.0,0.0,0.0,0.0,0.0,0.0,0.82,392.0,-0.09999999999999987,Normal
5.4,3.8,96.0,0.0,2.6,0.0,0.46,0.0,0.0,0.68,112.0,-1.4000000000000004,Rain
-17.8,4.3,28.0,0.0,0.0,0.0,0.0,0.0,0.0,0.82,427.0,-9.25,Normal
-3.7538166678756717,3.4059389960950783,93.90784020959433,0.41447287878504,0.0,0.0,0.0,0.10256875205417193,0.021971028082139757,0.6536058654092488,116.40507837390862,-5.153558673869599,Ice
-14.4,3.0,48.0,0.0,0.0,0.0,0.0,0.0,0.0,0.82,110.0,-15.7,Snow
5.7,2.6,84.0,0.0,0.0,0.0,0.01,0.0,0.0,0.82,112.0,2.4499999999999997,Rain
-5.772534809502403,6.37881791286588,76.94701778945127,0.6669779001241105,1.0715008224945846,0.0,0.04803917203013465,0.38349671155085396,0.23516082216312015,0.18255386825067854,161.97832167059542,-7.928626868066777,Ice
-17.7,0.6,36.0,0.0,2.2,0.0,0.0,0.0,0.0,0.82,402.0,-5.75,Normal
4.9,2.6,94.0,0.0,0.1,0.0,0.1,0.0,0.0,0.8,112.0,1.15,Rain
-1.1,0.7000083539496855,95.00015756193093,2.896944616258809,0.0,0.0,0.0016925508559375996,0.07257312904994163,0.28023607217360225,0.82,215.3614530436638,-1.3,Ice
5.0,2.1,98.0,0.0,0.2,0.0,0.41,0.0,0.0,0.68,425.0,0.5999999999999996,Rain
6.7,1.6,63.0,0.0,0.0,0.0,0.0,0.0,0.0,0.82,412.0,9.6,Normal
-4.0,1.3,97.0,6.0,1.6,14.0,0.0,0.2,0.11,0.38,411.0,-7.0,Snow
-16.0,1.5,71.0,0.0,0.4,0.0,0.0,0.0,0.0,0.82,435.0,-6.6000000000000005,Normal
-8.2,5.6,68.0,4.0,0.1,2.0,0.03,0.0,0.0,0.82,110.0,-3.4,Snow
3.6,3.3,100.0,0.0,5.4,0.0,0.41,0.0,0.0,0.68,110.0,-4.300000000000001,Rain
-5.227960785053837,2.613079944067467,72.50627179985392,0.0,3.4800505584582995,0.0,0.0339371460345722,0.24333225210846632,0.07744876344814865,0.5416176340456095,105.0,-4.005875321772311,Ice
-2.5,1.8,66.0,0.0,0.1,0.0,0.0,0.0,0.0,0.82,110.0,0.9,Rain
-4.7,3.4,97.0,4.0,0.8,7.0,0.0,0.57,0.07,0.38,110.0,-6.6000000000000005,Snow
-1.1,0.25661053594962,79.29661193660156,0.0,2.8063645171164953,0.0,0.12991959162122585,0.0026042107735682746,0.028040562826088064,0.7444425924449978,283.72053017821713,-5.055700336167416,Ice
4.7,4.8,97.0,0.0,4.1,0.0,0.11,0.0,0.0,0.79,105.0,-2.5000000000000004,Rain
-16.3,4.1,38.0,0.0,0.0,0.0,0.0,0.0,0.0,0.82,430.0,-3.75,Normal
-6.659121636056581,3.384151546897911,90.504185188795,2.499197302060005,0.0,0.0,0.05522699511104875,0.1326025372251142,0.07881189224295715,0.6130776132774917,171.1689052320681,-8.801105171805256,Ice
-6.966311746468789,4.546934372209183,72.28882131121026,1.9148671889538096,1.634043078820422,0.0,0.05998492938717939,0.175612701681647,0.3624789771811361,0.6543205224836474,129.83793774219495,-5.0342770811393125,Ice
-16.8,0.5,48.0,0.0,0.1,0.0,0.0,0.0,0.0,0.82,417.0,-12.799999999999999,Normal
-5.3,1.7,78.0,4.0,0.0,1.0,0.0,0.0,0.0,0.82,442.0,-5.9,Snow
-5.0,3.6,88.0,4.0,0.4,3.0,0.0,0.15,0.15,0.29,117.0,-2.5500000000000003,Snow
-6.3,5.4,85.0,4.0,0.3,1.0,0.13,0.03,0.04,0.79,112.0,-6.550000000000001,Snow
0.0,3.1,63.0,0.0,0.0,0.0,0.0,0.0,0.0,0.82,349.0,3.1500000000000004,Normal
-11.8,1.2,45.0,0.0,0.0,0.0,0.0,0.0,0.0,0.82,405.0,-3.65,Normal
-2.1335654509333173,1.6200304549740032,61.53634254659442,2.5257748804509927,1.701257249406812,0.0,0.0,0.2626996754592619,0.03068036617218249,0.82,105.0,-4.984874329978886,Ice
0.3,2.4,85.0,0.0,0.0,0.0,0.0,0.0,0.0,0.82,400.0,-0.2500000000000002,Rain
5.2,2.8,98.0,0.0,0.2,0.0,0.1,0.0,0.0,0.8,115.0,1.15,Rain
-9.199807785063006,0.5883488927852283,100.0,4.0,2.2337088143211568,0.0,0.0,0.0,0.18327632348585657,0.17820204484795255,105.0,-5.642343629625118,Ice
7.0,1.7,60.0,0.0,0.0,0.0,0.0,0.0,0.0,0.82,435.0,9.2,Normal
-5.700287930045949,1.1377310005817178,96.34173438941728,0.6760701416574517,1.3168203344192204,0.0,0.12991939166422026,0.25583683938148527,0.0,0.41410815907429543,296.4411483291707,-5.052963769802137,Ice
3.4,2.3,99.0,0.0,7.2,0.0,0.19,0.0,0.0,0.75,112.0,-4.2,Rain
-17.8,3.5,30.0,0.0,0.0,0.0,0.0,0.0,0.0,0.82,417.0,-12.55,Normal
-11.168057617528047,4.446685392671295,87.29599587728889,1.9855701783962099,3.365667361656334,0.0,0.02214772151751733,0.0,0.2497042552537825,0.39416861374392453,105.0,-1.3,Ice
-5.411249234775744,3.06297860549334,70.825264927795,1.611468807072018,0.0,0.0,0.05613943415399069,0.029397667669011404,0.0920690959415317,0.24570576471880912,191.89283254429895,-8.784152166891618,Ice
-3.340518623720735,0.5388663270209957,100.0,0.9922371889859622,2.9212056793251335,0.0,0.0,0.23881278195712097,0.16079152390217766,0.5451148765518525,189.5403487093678,-1.3,Ice
5.3,2.1,97.0,1.0,6.7,0.0,0.36,0.0,0.0,0.69,110.0,-1.9999999999999996,Rain
-13.0,2.1,45.0,0.0,0.0,0.0,0.0,0.0,0.0,0.82,490.0,-6.1499999999999995,Normal
-7.8874068728243305,1.0210498359035218,58.908121383872185,0.0,1.5814672965653085,0.0,0.02784572425373605,0.2543448389113979,0.3146096819739558,0.6181511028299125,297.70423768519936,-3.701315896379803,Ice
-4.4,5.9,92.0,4.0,0.6,6.0,0.02,0.26,0.19,0.25,115.0,-2.35,Snow
-18.3,2.3,27.0,0.0,0.0,0.0,0.0,0.0,0.0,0.82,495.0,-11.65,Normal
5.8,2.0,99.0,0.0,0.1,0.0,0.1,0.0,0.0,0.8,112.0,1.15,Rain
-1.1,0.1,70.91261512902655,0.0,0.10855326806681842,0.0,0.12503460323444357,0.0,0.0,0.82,169.30317059698345,-4.816275418947248,Ice
-11.1,4.0,51.0,0.0,0.0,0.0,0.0,0.0,0.0,0.82,105.0,-6.95,Rain
-1.1,1.781389857315379,71.93463994151288,3.223221550895162,1.3539329514463598,0.0,0.0,0.0,0.06639006520447868,0.4021060312082112,157.60694352692215,-9.228652311763788,Ice
-3.2,7.7,95.0,5.0,4.1,8.0,0.08,0.27,0.27,0.18,112.0,-1.25,Snow
-14.2,2.8,41.0,0.0,0.0,0.0,0.0,0.0,0.0,0.82,472.0,-5.6,Normal
-3.1,5.2,96.0,4.0,1.2,2.0,0.0,0.35,0.19,0.26,112.0,-1.3499999999999999,Snow
-8.3,2.3,62.0,0.0,0.0,0.0,0.0,0.0,0.0,0.82,420.0,-2.4000000000000004,Normal
5.8,4.5,90.0,0.0,0.2,0.0,0.14,0.0,0.0,0.78,112.0,1.65,Rain
-8.8,3.1,70.0,4.0,0.0,1.0,0.0,0.0,0.0,0.82,470.0,-3.45,Snow
1.2,3.7,96.0,1.0,3.0,0.0,0.49,0.0,0.0,0.67,112.0,-1.5,Rain
-14.5,1.1,38.0,0.0,0.2,0.0,0.0,0.0,0.0,0.82,422.0,-4.25,Normal
3.0,1.9,98.0,0.0,6.9,0.0,1.39,0.0,0.0,0.55,109.0,-4.9,Rain
-2.6,2.0,97.0,4.0,9.8,2.0,0.15,0.0,0.0,0.77,110.0,-1.55,Snow
-0.5,2.2,92.0,1.0,0.5,0.0,0.37,0.0,0.0,0.69,112.0,-3.15,Rain
3.1,1.3,56.0,0.0,0.0,0.0,0.0,0.0,0.0,0.82,115.0,6.35,Normal
-4.0,2.0,91.0,5.0,0.1,8.0,0.0,0.1,0.17,0.25,109.0,-7.0,Snow
4.7,4.4,95.0,0.0,0.1,0.0,0.15,0.0,0.0,0.77,110.0,1.65,Rain
-4.498490634357348,7.2,77.59255787150686,0.7490509478572388,2.8057322325222303,0.0,0.05118103078199179,0.1797830466872762,0.21688004803718974,0.13,255.8025771136829,-3.702300761630556,Ice
-17.6,0.8,65.0,0.0,0.0,0.0,0.0,0.0,0.0,0.82,420.0,-14.9,Normal
-14.8,0.4,70.0,0.0,0.0,0.0,0.0,0.0,0.0,0.82,424.0,-6.0,Normal
-1.1,0.46233925253257446,77.17882233506714,2.6815166457537547,1.0217634796997952,0.0,0.020673338488366805,0.2478484803838314,0.0,0.1397631588738057,238.28256418275697,-2.467918956924337,Ice
-2.2,2.4,95.0,0.0,4.8,0.0,0.0,0.02,0.07,0.56,112.0,-7.05,Normal
-0.3,5.6,92.0,0.0,0.0,0.0,0.0,0.0,0.0,0.82,422.0,-0.5,Normal
-4.4,1.5,87.0,4.0,0.3,0.0,0.0,0.04,0.06,0.6,112.0,-1.4000000000000001,Snow
-20.2,0.3,27.0,0.0,0.0,0.0,0.0,0.0,0.0,0.82,447.0,-5.199999999999999,Normal
-10.6,2.6,54.0,4.0,0.0,0.0,0.0,0.0,0.0,0.82,402.0,-7.949999999999999,Snow
5.5,9.2,90.0,0.0,0.0,0.0,0.11,0.0,0.0,0.79,112.0,2.6,Rain
6.3,2.3,58.0,0.0,0.0,0.0,0.01,0.0,0.0,0.82,410.0,9.3,Normal
-4.7,4.8,94.0,4.0,0.4,1.0,0.62,0.01,0.03,0.65,112.0,-3.15,Snow
-4.309262251589455,2.0058983944059534,85.48987192892015,0.0,2.9291504341223753,0.0,0.15339064753438253,0.3141311207492767,0.1390200507505725,0.6107730500970049,105.0,-5.391377221496401,Ice
-1.4037086290295928,0.9123704300486644,83.06076383528199,3.942165542859371,0.0,0.0,0.11638960366283904,0.27781401550683044,0.24597945109211408,0.82,152.73010550134168,-1.4357590090298404,Ice
3.1,1.0,100.0,0.0,1.1,0.0,0.14,0.0,0.01,0.78,112.0,5.5,Rain
-7.6,3.7,91.0,4.0,4.8,9.0,0.0,1.14,0.04,0.37,110.0,-14.600000000000001,Snow
-7.995587844312373,3.245250457276968,100.0,3.1218698109556726,0.0,0.0,0.0,0.19829475031898824,0.11061126152830349,0.82,130.9147764425563,-1.3,Ice
5.0,1.7,100.0,1.0,7.9,0.0,0.58,0.0,0.0,0.66,115.0,0.19999999999999973,Rain
-2.5,2.4,100.0,6.0,6.3,24.0,0.0,0.97,0.05,0.37,482.0,-5.0,Snow
-6.5,6.4,72.0,4.0,0.1,0.0,0.02,0.0,0.0,0.82,147.0,-2.85,Snow
-14.2,0.3,58.0,0.0,0.0,0.0,0.0,0.0,0.0,0.82,482.0,-10.0,Normal
-1.3435307718985725,2.362105808955902,86.50106871435847,0.0,0.7269632016770474,0.0,0.19873484604373176,0.2561360895769265,0.016712014047346888,0.3300470868590751,105.0,-8.386615567164649,Ice
-5.847059385300926,0.470704717630793,80.93291152920597,0.9206256908247626,2.120828399015097,0.0,0.11133182050102038,0.26966828662524617,0.13149547196540315,0.82,105.0,-1.8712980258191254,Ice
5.0,1.2,92.0,0.0,0.0,0.0,0.03,0.0,0.0,0.82,112.0,7.75,Rain
-4.2,2.8,94.0,4.0,1.5,3.0,0.0,0.4,0.08,0.38,115.0,-5.6000000000000005,Snow
-0.7,0.9,76.0,0.0,0.0,0.0,0.01,0.0,0.0,0.82,112.0,0.15000000000000013,Normal
4.5,1.1,100.0,0.0,5.1,0.0,0.13,0.0,0.0,0.78,112.0,0.8999999999999999,Rain
5.0,1.6,83.0,0.0,0.0,0.0,0.0,0.0,0.0,0.82,397.0,10.0,Normal
7.2,2.1,77.0,0.0,0.0,0.0,0.0,0.0,0.0,0.82,395.0,8.899999999999999,Normal
5.1,3.7,96.0,0.0,1.4,0.0,0.14,0.0,0.0,0.78,112.0,0.8000000000000003,Rain
5.9,0.8,62.0,0.0,0.0,0.0,0.0,0.0,0.0,0.82,397.0,6.95,Rain
5.2,2.9,99.0,0.0,7.5,0.0,0.23,0.0,0.0,0.73,115.0,-0.8500000000000001,Rain
-2.2,2.1,100.0,4.0,0.7,4.0,0.0,0.83,0.13,0.37,115.0,-5.85,Snow
-6.7,3.6,66.0,4.0,0.0,0.0,0.0,0.0,0.0,0.82,112.0,-5.1,Snow
-8.352529837783807,0.1,84.23357883121382,1.3380072522064002,0.0,0.0,0.14895296754035514,0.21462348959241623,0.06494975798599109,0.82,105.0,-1.3,Ice
-3.0,2.8,97.0,5.0,7.6,25.0,0.01,0.09,0.18,0.23,110.0,-1.2000000000000002,Snow
-3.3,5.1,91.0,4.0,2.1,1.0,0.45,0.0,0.0,0.68,112.0,-1.3499999999999999,Snow
-1.1,2.2664341499775014,90.70357568420295,0.05678379947413803,2.027060936785037,0.0,0.0325527631223349,0.0,0.0,0.13,213.18948703545345,-2.3320444364572652,Ice
-3.4,3.8,87.0,4.0,2.4,0.0,0.21,0.0,0.0,0.74,112.0,-1.55,Snow
-3.2,4.5,92.0,4.0,1.9,2.0,0.38,0.0,0.0,0.69,112.0,-1.3499999999999999,Snow
-1.1,1.6553807041658213,60.53198312980997,0.5808015347596849,2.2006056158283225,0.0,0.06064590630834962,0.2580286324810462,0.0,0.6643930462459515,146.37908195202482,-7.938052747602203,Ice
-12.2,1.0,44.0,0.0,0.1,0.0,0.0,0.0,0.0,0.82,400.0,-4.25,Normal
-3.7,1.4,86.0,4.0,2.6,0.0,0.13,0.0,0.0,0.79,107.0,-0.9999999999999999,Snow
-4.639090277874254,0.6680116038132566,82.6087578636683,3.832255210045764,0.5726454893142442,0.0,0.201128250613255,0.0383109797865169,0.18113458601379023,0.82,105.0,-3.4242178646234276,Ice
1.9,4.3,95.0,1.0,0.2,0.0,0.14,0.0,0.0,0.78,110.0,0.6499999999999999,Rain
-3.3,2.4,92.0,1.0,2.0,0.0,0.16,0.04,0.05,0.77,112.0,-2.1,Ice
-4.6,3.9,92.0,4.0,1.1,13.0,0.03,0.08,0.1,0.43,110.0,-1.95,Snow
-11.202923564310115,3.347262529134946,69.59002224212922,0.0,1.0608262672290927,0.0,0.02702556645601839,0.35928849083765835,0.07535659897223021,0.41477101079526985,116.47320037842626,-8.389294775642119,Ice
-4.6,2.7,73.0,4.0,0.0,0.0,0.04,0.0,0.0,0.82,115.0,-5.35,Snow
-3.1,2.2,96.0,4.0,2.1,0.0,0.0,0.17,0.16,0.28,112.0,-8.1,Snow
-4.5,7.7,89.0,4.0,0.2,1.0,0.08,0.03,0.04,0.81,110.0,-2.25,Snow
-3.4597894334627153,2.7815793293879887,76.23582069025946,0.24063034396802452,3.324165919719001,0.0,0.1317905203247738,0.2506423136114572,0.08506918000694783,0.13,112.90214149936124,-1.5216969884045874,Ice
0.8,2.5,97.0,1.0,1.4,0.0,0.39,0.0,0.0,0.69,110.0,-2.05,Rain
-1.1,4.942322713685377,100.0,0.8374431240229907,0.0,0.0,0.0,0.06185395903075959,0.014455381582157978,0.4358669124598744,105.0,-8.317844893051918,Ice
-2.4,4.5,97.0,5.0,4.6,21.0,0.0,0.17,0.2,0.21,112.0,-1.2,Snow
-2.009121968168012,3.3220223565644766,69.59450907311785,0.0,0.8427160696972696,0.0,0.0,0.16925818348395733,0.0,0.5590955344294251,281.67503055469535,-2.8936688573555096,Ice
-10.613861717453293,0.1,86.7062141355207,1.403230100823041,0.6850090253991622,0.0,0.033059732525033636,0.15658335218695457,0.1433119036936324,0.654018804514792,271.13917146349695,-1.3,Ice
0.8,2.0,100.0,4.0,5.2,5.0,0.39,0.0,0.0,0.69,110.0,-2.35,Snow
7.0,1.5,67.0,0.0,0.0,0.0,0.0,0.0,0.0,0.82,397.0,9.05,Normal
1.9,7.0,98.0,1.0,2.1,0.0,0.23,0.0,0.0,0.73,110.0,-2.0999999999999996,Rain
-6.8,6.2,70.0,4.0,0.0,0.0,0.0,0.0,0.0,0.82,109.0,-3.0,Snow
-18.1,5.1,35.0,0.0,0.0,0.0,0.0,0.0,0.0,0.82,110.0,-17.25,Snow
0.5,1.5,100.0,0.0,3.7,0.0,0.25,0.0,0.0,0.72,110.0,-2.4,Rain
-5.4,7.4,81.0,4.0,0.2,7.0,0.08,0.0,0.0,0.81,112.0,-2.45,Snow
-2.7,5.6,94.0,4.0,0.3,1.0,0.25,0.04,0.07,0.72,110.0,-0.9500000000000001,Snow
-11.039601649660455,4.604403665659062,99.62808292026692,2.2017022956897367,1.6801795837739113,0.0,0.03845728346247496,0.0516151776485521,0.07995538475733606,0.7199527720372332,105.0,-3.618558610501455,Ice
1.7,0.8,56.0,0.0,0.0,0.0,0.01,0.0,0.0,0.82,380.0,6.05,Rain
3.3,1.6,96.0,0.0,5.2,0.0,0.0,0.0,0.0,0.82,115.0,6.449999999999999,Rain
-2.3,0.8,92.0,0.0,0.4,0.0,0.0,0.11,0.16,0.27,112.0,-3.85,Rain
-3.3,2.1,99.0,6.0,3.4,26.0,0.0,0.66,0.09,0.38,112.0,-1.2,Snow
-2.7,6.0,95.0,4.0,0.5,2.0,0.19,0.05,0.08,0.75,110.0,-0.9500000000000001,Snow
-3.3,6.9,92.0,4.0,2.4,6.0,0.0,0.38,0.16,0.32,110.0,-1.25,Snow
-3.5,2.0,98.0,4.0,0.4,4.0,0.0,0.14,0.19,0.23,112.0,-2.35,Snow
-7.819245176409021,0.3471188446325555,77.64984379732313,0.3960126783174588,3.7313530253481275,0.0,0.0,0.0,0.0,0.2470051789523771,105.0,-1.3,Ice
-3.3,8.5,96.0,6.0,2.2,24.0,0.03,0.26,0.15,0.32,110.0,-1.25,Snow
-1.9,3.0,100.0,5.0,7.1,2.0,0.03,0.38,0.33,0.16,110.0,-1.95,Snow
-2.9,4.4,99.0,5.0,2.8,5.0,0.0,0.26,0.36,0.12,122.0,-0.85,Snow
-3.3,4.6,85.0,4.0,7.5,0.0,0.31,0.1,0.18,0.7,110.0,-1.7,Snow
-3.2,4.7,98.0,6.0,5.5,12.0,0.0,0.62,0.06,0.38,120.0,-3.75,Snow
-4.1,2.5,100.0,5.0,1.0,10.0,0.0,0.27,0.19,0.25,110.0,-3.2,Snow
-5.655234602595004,1.2910861520773567,90.73122129807732,0.911993114451155,0.2944323869159948,0.0,0.11844726912565129,0.006215190017530722,0.0927324395715775,0.6942400538439039,219.55366699633294,-5.926896577712532,Ice
-6.100818163000077,0.5656954645360011,83.90689517728032,0.42255284901083545,1.9353321889421962,0.0,0.06625163352698928,0.05660496098223231,0.0,0.7410808545565782,105.0,-4.2914920274989905,Ice
-7.186026243385202,3.333915986347713,91.41619139267331,0.39184472810349846,2.0438160646109687,0.0,0.032903862318180245,0.0797386374998352,0.14745633124612706,0.7720907814770354,319.8082021334384,-1.3858275917687854,Ice
-2.6,2.5,100.0,5.0,1.1,17.0,0.0,0.55,0.1,0.38,110.0,-7.15,Snow
0.0,3.2,87.0,0.0,0.0,0.0,0.0,0.0,0.0,0.82,112.0,-0.10000000000000009,Rain
5.3,1.8,95.0,0.0,0.7,0.0,0.23,0.0,0.0,0.73,110.0,2.0,Rain
-2.8,2.6,73.0,0.0,0.0,0.0,0.08,0.0,0.0,0.81,112.0,-0.9000000000000001,Rain
4.7,6.6,96.0,0.0,1.8,0.0,0.0,0.0,0.0,0.82,110.0,0.6499999999999999,Rain
-3.3303991743984955,1.7959156049816853,75.5720125349244,0.0,0.0,0.0,0.17078021212444933,0.19878866500431236,0.06209434417948444,0.13,160.90428446145012,-8.227854282354665,Ice
-3.5077319727326888,0.1,78.0315063765011,0.0,0.0,0.0,0.0,0.23552255866382843,0.18673819861242497,0.5035512653709295,172.4065193450989,-4.072722001098347,Ice
2.7,1.5,70.0,0.0,0.0,0.0,0.0,0.0,0.0,0.82,435.0,6.85,Normal
-1.9,2.0,72.0,0.0,0.0,0.0,0.02,0.0,0.0,0.82,110.0,0.25,Rain
-3.6,3.5,65.0,0.0,0.0,0.0,0.0,0.0,0.0,0.82,387.0,0.34999999999999987,Normal
-4.11555762420729,0.3086518071648312,67.72544390308012,0.34603201681870743,0.9969307868002106,0.0,0.05604212051929348,0.03412885093550798,0.06335130392513659,0.32280783568772675,132.8389205467283,-5.808310187915741,Ice
5.3,4.4,94.0,0.0,2.2,0.0,0.22,0.0,0.0,0.74,482.0,0.9500000000000002,Rain
-3.4,2.2,100.0,5.0,1.7,10.0,0.0,0.2,0.11,0.39,110.0,-2.1,Snow
-4.7,2.0,98.0,0.0,1.1,0.0,0.0,0.27,0.17,0.28,112.0,-14.15,Ice
-4.497234888909407,3.8473177431061627,96.76539746031372,0.43362442844200244,1.3182416101954693,0.0,0.11561987725594687,0.0,0.1377613646309477,0.28945064793797576,170.7226519670272,-8.02892283208681,Ice
4.3,0.2,78.0,0.0,0.0,0.0,0.0,0.0,0.0,0.82,110.0,8.399999999999999,Rain
-14.5,0.7,48.0,0.0,0.0,0.0,0.0,0.0,0.0,0.82,245.0,-7.75,Normal
4.4,2.2,100.0,0.0,4.9,0.0,0.34,0.0,0.0,0.7,112.0,-3.7,Rain
4.0,0.8,48.0,0.0,0.0,0.0,0.0,0.0,0.0,0.82,460.0,8.65,Normal
2.3,1.3,96.0,1.0,0.5,0.0,0.53,0.0,0.0,0.67,112.0,-0.25,Rain
-3.3,4.5,98.0,4.0,2.2,0.0,0.0,0.21,0.19,0.24,109.0,-6.55,Snow
-11.6,7.2,55.0,0.0,0.0,0.0,0.13,0.02,0.03,0.78,107.0,-10.85,Rain
-5.7,3.5,64.0,0.0,0.0,0.0,0.0,0.0,0.0,0.82,427.0,-3.5,Normal
-9.3,3.9,57.0,4.0,0.0,0.0,0.0,0.0,0.0,0.82,432.0,-8.05,Snow
-2.4,5.4,74.0,0.0,0.0,0.0,0.0,0.0,0.0,0.82,402.0,-2.3,Normal
-2.6333995302433837,1.0022798267900246,75.43117215750497,3.806554777186043,0.0,0.0,0.0,0.0,0.10224083328006547,0.43690464648524535,105.0,-1.3,Ice
-5.018291147662588,1.8028002281049231,100.0,0.0,1.6542355703725233,0.0,0.043789038022878174,0.0,0.3078693640544919,0.5817812975423076,108.26921602697526,-5.266824786797048,Ice
2.6,1.2,98.0,0.0,0.6,0.0,0.16,0.0,0.0,0.77,107.0,2.5999999999999996,Normal
2.3,1.4,54.0,0.0,0.0,0.0,0.0,0.0,0.0,0.82,112.0,5.6,Rain
-18.6,0.4,38.0,0.0,0.0,0.0,0.0,0.0,0.0,0.82,638.0,-11.5,Normal
-6.5,5.8,75.0,4.0,0.1,1.0,0.06,0.0,0.0,0.81,112.0,-2.45,Snow
4.3,3.1,97.0,0.0,1.3,0.0,0.34,0.0,0.0,0.7,107.0,-0.6000000000000001,Rain
5.4,4.2,85.0,0.0,0.0,0.0,0.0,0.0,0.0,0.82,112.0,8.8,Rain
-7.1,3.7,79.0,4.0,0.1,4.0,0.05,0.0,0.0,0.82,112.0,-5.9,Snow
-6.4,3.4,72.0,1.0,0.1,0.0,0.01,0.0,0.0,0.82,110.0,-1.75,Ice
-2.8,3.1,96.0,4.0,3.3,3.0,0.13,0.08,0.15,0.67,112.0,-3.65,Snow
4.6,1.0,98.0,0.0,1.2,0.0,0.12,0.0,0.0,0.79,110.0,1.4500000000000002,Rain
-4.8,4.9,91.0,4.0,2.0,3.0,0.0,0.24,0.22,0.2,115.0,-3.85,Snow
-8.211112680445998,1.2821230905546617,91.31056387475415,1.9806185202990072,0.0,0.0,0.02253820447424277,0.0,0.2233605514461646,0.3048319493897367,105.0,-5.6935983423799685,Ice
3.6,2.6,98.0,0.0,0.0,0.0,0.0,0.0,0.0,0.82,110.0,3.95,Rain
-12.8,1.7,42.0,0.0,0.0,0.0,0.0,0.0,0.0,0.82,425.0,-2.7,Normal
-14.2,0.3,81.0,0.0,0.2,0.0,0.0,0.0,0.0,0.82,115.0,-8.7,Normal
5.1,1.0,98.0,0.0,0.2,0.0,0.09,0.0,0.0,0.8,112.0,0.9000000000000004,Rain
-0.1,1.0,92.0,1.0,0.4,0.0,0.18,0.0,0.0,0.76,112.0,-2.75,Rain
-18.1,3.6,38.0,0.0,0.0,0.0,0.0,0.0,0.0,0.82,420.0,-19.2,Normal
5.4,4.1,94.0,1.0,9.6,0.0,0.78,0.0,0.0,0.63,110.0,1.25,Rain
-7.856826331495974,3.655091404114436,81.31505522302162,3.099509005722517,5.767472594653974,0.0,0.22865025195583122,0.0,0.08669192600683168,0.4764824174589494,180.16145329781455,-1.3,Ice
-2.3,1.6,100.0,6.0,3.5,12.0,0.0,0.29,0.15,0.32,110.0,-1.7,Snow
5.5,1.8,98.0,0.0,10.4,0.0,0.24,0.0,0.0,0.73,177.0,1.0499999999999998,Rain
-7.205028407157469,4.789205131267631,65.417452685162,0.0,0.0,0.0,0.0,0.0594763923662084,0.08526686302270205,0.47412184991717116,131.8224448966417,-1.3,Ice
4.0,1.1,95.0,0.0,0.0,0.0,0.0,0.0,0.0,0.82,110.0,8.7,Rain
-2.7,1.6,100.0,4.0,1.4,3.0,0.0,0.19,0.26,0.15,112.0,-3.4,Snow
-4.7351963372974994,2.966629097158156,71.33273673775325,0.7733407925583338,2.853701926806388,0.0,0.0,0.0,0.05074250241923517,0.13,115.45546898572402,-6.533889736214254,Ice
5.2,3.2,88.0,0.0,10.5,0.0,0.19,0.0,0.0,0.75,112.0,1.85,Rain
-7.168253198393948,1.555232221794179,91.88908608978366,0.0,5.638156585669663,0.0,0.0,0.0,0.1541453722129061,0.4918531918011524,105.0,-8.165616918230238,Ice
-7.9,3.0,58.0,0.0,0.0,0.0,0.0,0.0,0.0,0.82,145.0,-2.9000000000000004,Rain
-4.6,3.5,91.0,4.0,1.9,2.0,0.0,0.34,0.22,0.23,112.0,-2.5500000000000003,Snow
-1.1,5.125247898547415,56.57838864525304,1.8695485364713422,2.8014294994711904,0.0,0.21934935456435872,0.0,0.09744230441665906,0.13,105.0,-1.3,Ice
3.5,4.5,86.0,0.0,9.6,0.0,0.54,0.0,0.0,0.66,110.0,1.2999999999999998,Rain
-1.1,2.6239157344862387,74.42708690699456,1.4727004451386765,0.7731746074009566,0.0,0.0,0.0,0.1357980818739373,0.13,105.0,-8.372992516008528,Ice
6.1,4.7,91.0,0.0,0.0,0.0,0.04,0.0,0.0,0.82,112.0,2.2,Rain
-11.7,2.7,59.0,0.0,0.0,0.0,0.0,0.0,0.0,0.82,443.0,-8.65,Normal
2.0,2.3,99.0,0.0,3.5,0.0,0.02,0.0,0.0,0.82,109.0,4.800000000000001,Rain
-1.1,4.470588488917968,79.80164375160099,3.02094241447086,1.1678502965030126,0.0,0.028636597220275235,0.08496260681571141,0.16978339533519082,0.13,138.31729112699716,-10.042550111409525,Ice
-8.7,3.9,66.0,4.0,0.0,1.0,0.0,0.0,0.0,0.82,109.0,-6.949999999999999,Snow
-9.1,1.5,61.0,0.0,0.0,0.0,0.0,0.0,0.0,0.82,435.0,-3.7499999999999996,Normal
-12.9,0.3,82.0,0.0,0.1,0.0,0.0,0.0,0.0,0.82,402.0,-5.6000000000000005,Normal
5.0,3.3,87.0,0.0,0.0,0.0,0.01,0.0,0.0,0.82,110.0,2.0,Rain
-0.3,1.5,56.0,0.0,0.0,0.0,0.0,0.0,0.0,0.82,109.0,4.65,Rain
0.6,3.5,76.0,0.0,0.0,0.0,0.02,0.0,0.0,0.82,112.0,1.65,Rain
5.3,3.4,100.0,0.0,1.8,0.0,0.22,0.0,0.0,0.74,112.0,0.7000000000000002,Rain
-8.445505118797348,0.9564533223003551,83.80932805832396,0.5716873028925453,1.7768911498967719,0.0,0.009816551117995856,0.1800619972829945,0.2100167087268881,0.2743150003446802,108.80816660098193,-6.70474752217651,Ice
3.3,3.6,49.0,0.0,0.0,0.0,0.0,0.0,0.0,0.82,412.0,5.9,Normal
-1.1,0.1,95.74924791875021,0.5119064231016877,1.879343941886414,0.0,0.026550113769207913,0.27496268246678074,0.06650343805777253,0.7062517407732605,149.06118843241566,-1.8488009214070065,Ice
-17.8,1.1,73.0,0.0,0.0,0.0,0.0,0.0,0.0,0.82,445.0,-8.35,Normal
-15.1,1.0,72.0,0.0,0.0,0.0,0.0,0.0,0.0,0.82,422.0,-6.199999999999999,Normal
-0.7,1.2,100.0,4.0,6.2,6.0,0.0,0.14,0.09,0.46,110.0,-3.2,Snow
6.0,0.5,75.0,0.0,0.0,0.0,0.0,0.0,0.0,0.82,420.0,9.3,Normal
-4.2,1.8,97.0,4.0,2.7,1.0,0.17,0.0,0.0,0.76,112.0,-2.75,Snow
-13.0,2.5,44.0,0.0,0.0,0.0,0.0,0.0,0.0,0.82,112.0,-5.6,Rain
-2.5,5.9,100.0,4.0,3.2,2.0,0.02,0.49,0.13,0.36,112.0,-3.0,Snow
-9.06096292931812,0.9499227344101053,98.32039000499795,0.560753702568414,0.5222233173628399,0.0,0.07190140460963948,0.03638134052542996,0.08818541630632526,0.48002758675268525,130.93461849967147,-10.131661448635132,Ice
6.1,2.7,89.0,0.0,0.0,0.0,0.0,0.0,0.0,0.82,477.0,9.5,Rain
-4.4,4.1,91.0,5.0,1.0,12.0,0.08,0.08,0.11,0.58,112.0,-3.05,Snow
3.1,0.8,76.0,0.0,0.0,0.0,0.0,0.0,0.0,0.82,427.0,6.1,Normal
-6.423589467885749,3.3570373561087288,81.3237919345446,1.9675900968689715,2.951225333523337,0.0,0.03174986272439526,0.092054718826261,0.3184510155796896,0.2615283811131096,105.0,-1.3,Ice
6.4,2.7,59.0,0.0,0.0,0.0,0.01,0.0,0.0,0.82,112.0,9.4,Rain
-12.7,2.3,51.0,0.0,0.0,0.0,0.0,0.0,0.0,0.82,492.0,-6.1499999999999995,Normal
7.8,0.8,71.0,0.0,0.0,0.0,0.0,0.0,0.0,0.82,395.0,9.6,Normal
2.5,4.0,95.0,0.0,0.9,0.0,0.48,0.0,0.0,0.67,115.0,-2.25,Rain
4.5,6.4,92.0,0.0,0.2,0.0,0.11,0.0,0.0,0.79,110.0,1.6500000000000001,Rain
6.0,3.0,61.0,0.0,0.0,0.0,0.0,0.0,0.0,0.82,415.0,7.45,Rain
5.4,3.1,100.0,0.0,2.9,0.0,0.21,0.0,0.0,0.74,112.0,-2.3499999999999996,Rain
-14.1,0.9,55.0,0.0,0.2,0.0,0.0,0.0,0.0,0.82,240.0,-8.7,Normal
3.5,2.2,98.0,0.0,5.1,0.0,0.27,0.01,0.02,0.72,115.0,-3.25,Rain
-2.5,1.9,97.0,5.0,3.9,18.0,0.0,0.29,0.24,0.19,112.0,-0.34999999999999987,Snow
2.4,0.5,65.0,0.0,0.0,0.0,0.0,0.0,0.0,0.82,150.0,6.7,Normal
-13.0,2.5,44.0,0.0,0.0,0.0,0.0,0.0,0.0,0.82,112.0,-5.6,Rain
5.2,1.3,100.0,0.0,0.2,0.0,0.18,0.0,0.0,0.76,112.0,0.5,Rain
-4.934220170920585,0.1,81.41071875631575,2.042748487557289,0.42089885040052266,0.0,0.060855003733462025,0.0,0.0,0.5502780742838355,105.0,-1.7997840792125257,Ice
-18.4,0.3,32.0,0.0,1.8,0.0,0.0,0.0,0.0,0.82,110.0,-5.300000000000001,Normal
-18.8,0.6,32.0,0.0,0.0,0.0,0.0,0.0,0.0,0.82,437.0,-6.05,Normal
-5.0,0.9,92.0,4.0,0.4,1.0,0.0,0.36,0.17,0.3,110.0,-4.5,Snow
4.7,3.5,98.0,0.0,0.9,0.0,0.36,0.0,0.0,0.69,112.0,1.65,Rain
-2.7,2.6,97.0,4.0,3.2,2.0,0.13,0.16,0.18,0.46,112.0,-2.5500000000000003,Snow
-6.9,5.8,69.0,4.0,0.0,0.0,0.01,0.0,0.0,0.82,112.0,-3.9,Rain
5.6,4.9,100.0,0.0,0.3,0.0,0.2,0.0,0.0,0.75,107.0,-0.2999999999999998,Rain
-3.7,2.5,99.0,5.0,2.4,5.0,0.0,0.54,0.1,0.38,110.0,-6.35,Snow
-7.004894373460686,0.9202733719380554,80.11154035101553,0.60787017868799,0.0,0.0,0.0,0.04062687254524862,0.0,0.82,138.70094333290288,-7.634972406015237,Ice
-9.0,4.6,62.0,0.0,0.0,0.0,0.0,0.0,0.0,0.82,438.0,-3.15,Normal
3.5,0.6,83.0,0.0,0.0,0.0,0.0,0.0,0.0,0.82,112.0,2.65,Rain
-6.2,3.6,80.0,4.0,0.7,1.0,0.26,0.0,0.0,0.72,112.0,-2.95,Snow
-2.3,3.5,97.0,4.0,5.3,4.0,0.46,0.01,0.04,0.67,112.0,-0.5,Snow
-3.7,7.1,98.0,5.0,0.8,9.0,0.0,0.24,0.17,0.28,112.0,-2.55,Snow
-1.1,0.5449836464562807,82.18995268107093,2.1196059900003963,2.645263148526519,0.0,0.1357745113860107,0.0432548902607596,0.3454786201195358,0.3208640668480738,105.0,-4.978161723146148,Ice
-0.6,1.6,83.0,0.0,0.0,0.0,0.0,0.0,0.0,0.82,415.0,-0.5499999999999998,Normal
-3.2076617153106595,3.9954886753737195,74.51323829327356,0.7323309799071356,2.253160313127384,0.0,0.1388563688342156,0.0,0.17310461370802668,0.6219636115794708,178.9483297674696,-8.40920939159477,Ice
4.6,1.9,85.0,0.0,0.0,0.0,0.01,0.0,0.0,0.82,141.0,8.75,Rain
-3.3,5.3,91.0,4.0,0.9,2.0,0.11,0.0,0.0,0.8,107.0,-1.4,Snow
-2.570892268519517,1.1253013780832737,75.01231082617655,2.4205410488003425,4.2621765197355685,0.0,0.14623474795684932,0.0,0.37524167819121323,0.82,155.79879888004152,-8.88873265128013,Ice
-2.8,2.6,67.0,0.0,0.0,0.0,0.0,0.0,0.0,0.82,112.0,0.44999999999999996,Rain
-5.1,3.8,87.0,4.0,4.6,1.0,0.08,0.0,0.0,0.81,110.0,-2.3,Snow
-3.6,6.3,93.0,5.0,1.7,11.0,0.0,0.15,0.23,0.17,112.0,-1.0999999999999999,Snow
-4.481310358643332,0.1,63.913457893793264,1.0811093931378455,2.196829847609778,0.0,0.0610985768733655,0.1272379621707382,0.28175173198576026,0.82,301.9676969982281,-7.0923920326275365,Ice
-9.4,0.7,58.0,0.0,0.2,0.0,0.0,0.0,0.0,0.82,412.0,-3.0,Normal
-10.0,0.2,87.0,0.0,0.0,0.0,0.0,0.0,0.0,0.82,414.0,-5.0,Normal
-4.7741503928540725,3.3939774685023525,92.26733543911004,0.9933443951957946,0.1761325910915874,0.0,0.0,0.24725906472356984,0.21804087969455077,0.23116260555498996,295.68340844237525,-1.3,Ice
-6.1,1.7,58.0,0.0,0.0,0.0,0.15,0.0,0.0,0.77,115.0,-1.1999999999999997,Rain
-1.8173982064631673,0.1,79.39194960055718,0.8406082874842955,1.2812185432276357,0.0,0.12791106243898714,0.0,0.0,0.7027893185769214,105.0,-4.6727265149422434,Ice
0.4,1.4,100.0,1.0,7.6,0.0,0.22,0.0,0.0,0.74,110.0,-2.25,Rain
3.0,0.4,48.0,0.0,0.0,0.0,0.0,0.0,0.0,0.82,112.0,8.6,Normal
-15.2,3.0,38.0,0.0,0.0,0.0,0.0,0.0,0.0,0.82,400.0,-6.65,Rain
-14.7,4.3,39.0,0.0,0.0,0.0,0.0,0.0,0.0,0.82,437.0,-6.300000000000001,Normal
4.9,1.2,55.0,0.0,0.0,0.0,0.0,0.0,0.0,0.82,417.0,6.3999999999999995,Normal
2.2,0.7,100.0,0.0,2.8,0.0,0.0,0.0,0.0,0.82,110.0,5.5,Rain
-1.5,2.8,87.0,1.0,0.5,0.0,0.77,0.0,0.0,0.64,112.0,-4.85,Rain
-4.8,6.1,77.0,4.0,0.0,2.0,0.0,0.0,0.0,0.82,112.0,-1.75,Snow
-3.0,4.0,93.0,4.0,9.7,8.0,0.0,0.33,0.19,0.26,475.0,-2.4499999999999997,Snow
1.4,3.7,99.0,1.0,6.2,0.0,0.22,0.02,0.03,0.74,112.0,-5.75,Rain
-1.3,1.2,100.0,6.0,4.2,18.0,0.0,0.85,0.03,0.37,112.0,-3.0,Snow
-9.5,3.3,59.0,0.0,0.0,0.0,0.0,0.0,0.0,0.82,415.0,-2.85,Normal
-2.2,3.2,100.0,4.0,2.6,3.0,0.36,0.09,0.18,0.69,112.0,-2.0,Snow
-11.9,1.7,56.0,0.0,1.0,0.0,0.0,0.0,0.0,0.82,127.0,-5.2,Normal
-2.8,2.9,100.0,6.0,1.5,7.0,0.0,0.24,0.1,0.4,112.0,-1.25,Snow
-16.3,1.3,76.0,0.0,0.0,0.0,0.0,0.0,0.0,0.82,424.0,-12.9,Normal
-2.5,2.6,97.0,4.0,1.3,16.0,0.0,0.18,0.17,0.26,110.0,-5.800000000000001,Snow
3.5,2.1,59.0,0.0,0.0,0.0,0.0,0.0,0.0,0.82,112.0,6.4,Rain
0.5,1.4,93.0,1.0,1.4,0.0,0.59,0.0,0.0,0.66,115.0,-1.0,Rain
-2.7,5.6,92.0,4.0,0.8,4.0,0.28,0.0,0.0,0.71,112.0,-0.7,Snow
5.1,1.5,100.0,0.0,0.2,0.0,0.17,0.0,0.0,0.76,112.0,0.5,Rain
